super_opeid,instnm,count,count_pq1,count_pq2,count_pq3,count_pq4,count_pq5,inventor,inventor_pq1,inventor_pq2,inventor_pq3,inventor_pq4,inventor_pq5,top5cit,total_patents,total_cites
1,"University Of Hawaii And Hawaii Community Colleges",27002,3205,4527,5628,6957,6685,.001037,.000312,.0006627,.000533,.0007187,.0023934,.000069,22,55
4,"Coast Community College District",24340,4183,3829,4311,5066,6951,.0016434,.0011953,.0010447,.0011598,.0013818,.0027334,.0001198,76,333
13,"Kern & North Orange County Community College Districts",18765,2521,3091,3564,4410,5179,.0011191,.00119,0,.0014029,.000907,.0017378,4.69e-06,28,22
16,"San Mateo County Community College District",10936,1253,1658,2187,2513,3325,.0016459,.0023943,.0036188,.0004572,.0011938,.0015038,.0001055,35,2474
19,"Foothill-Deanza Community College District",16619,2245,2287,2798,3206,6083,.0031891,.003118,.0004373,.003574,.0018715,.0047674,.0001826,137,1497
21,"University Of Alaska System",16797,1526,2419,3362,4571,4919,.0007144,0,.0012402,0,.0013126,.0006099,0,19,26
22,"Spokane And Spokane Falls Community Colleges",11330,1648,2245,2851,2955,1631,.0008826,0,.0004454,.0003508,.0003384,.0042918,0,5,8
26,"University Of Colorado System",31081,1205,2257,3697,6042,17880,.0084618,.0033195,.0035445,.0059508,.0076134,.0102349,.0005655,513,1230
27,"West Valley-Mission Community College District",7671,711,899,1253,1796,3012,.0033894,.0056259,.0011123,.0015962,.0005568,.0059761,1.71e-06,32,622
40,"Louisiana State University System",29927,2611,3590,4783,7340,11603,.0025395,.001532,.0005571,.0022998,.0023161,.0036198,.0000393,87,118
63,"University Of South Carolina System",22910,2172,3249,4203,5648,7638,.0018769,0,.0021545,.0019034,.0012394,.0027494,.0000491,42,148
64,"West Virginia University, West Virginia University Institute Of Technology, West Virginia University - Parkersburg, And Potomac State College",21615,1695,2900,4443,5754,6823,.0025908,.0023599,.002069,.0024758,.0022593,.0032244,.0000997,80,70
71,"University Of Nebraska System",28559,1388,3454,6116,8661,8940,.0041318,.0014409,.0026057,.0037606,.0046184,.0049217,.0001152,132,270
82,"Minnesota State University System, Century And Various Other Minnesota Community Colleges",129373,10815,19736,31377,39789,27656,.002002,.0010171,.0016214,.0024859,.0019603,.0021695,.0000922,471,1430
85,"Certain Colorado Community Colleges",38396,5149,6988,8435,9632,8192,.0010939,.0003884,0,.0008299,.0010382,.0028076,.0000772,53,229
91,"Devry University, Devry Institute Of Technology And Denver Technical College",29660,5721,6871,6721,6165,4182,.0021578,.0017479,.0014554,.0019342,.0032441,.0026303,.0001769,102,187
94,"ITT Technical Institute",37778,7779,9353,8976,7660,4010,.0015618,.0007713,.0013899,.0015597,.0019582,.0027431,.0000284,88,234
97,"Ivy Tech Community College Of Indiana System",39962,5617,7796,9982,10691,5876,.0006506,.0005341,.0007696,.0006011,.0006548,.0006807,.0000212,29,24
100,"Riverside Community College District",20731,2911,3691,4518,5525,4086,.0006753,0,.0008128,.0011067,.000543,.0007342,.000047,25,143
108,"University Of Pittsburgh System",22009,1188,2540,4322,6156,7803,.0065428,.0050505,.0082677,.005553,.0063353,.0069204,.0001806,206,89
125,"University Of Massachusetts System",31520,1940,3125,4934,8234,13287,.0063135,.0046392,.00608,.0062829,.0049794,.0074509,.0002085,256,830
129,"Harvard University",6819,228,364,523,892,4812,.0211175,.004386,.0137363,.0133843,.0179372,.0238986,.0011392,386,1003
133,"University Of Maine System",20796,2153,3595,5147,5755,4146,.003366,.0013934,.0027816,.0023315,.0038228,.0055475,0,102,51
1009,"Auburn University",18709,658,1367,2199,3985,10500,.004864,0,.0036576,.0027285,.0052698,.005619,.0004272,193,313
1051,"University Of Alabama",13883,886,1338,1917,3279,6463,.0018008,0,.0014948,.0020866,.0024398,.001702,.0000709,26,47
1055,"University Of Alabama In Huntsville",3061,243,349,587,891,991,.0075139,.0041152,.008596,.0034072,.0089787,.0090817,0,20,28
1089,"Arkansas Tech University",4612,679,1048,1198,1084,603,.0026019,0,.0009542,.0050083,.00369,.0016584,.0002674,13,21
1090,"Arkansas State University",9055,1535,2003,2207,2031,1279,.001767,.0006515,0,.0004531,.0054161,.0023456,.0000804,36,69
1108,"University Of Arkansas",10913,785,1324,1921,2606,4277,.003757,.0038217,.0015106,.0041645,.0065234,.0025719,.0000921,67,34
1117,"Azusa Pacific University",3480,157,337,561,782,1643,.0028736,.0063694,.0029674,.0017825,0,.0042605,0,13,63
1124,"Cabrillo College",7681,1066,1432,1403,1624,2156,.0019529,.0018762,.0006983,.0014255,.0012315,.0037106,.000128,22,120
1131,"California Institute Of Technology",861,81,39,84,149,508,.1370499,.0740741,.1282051,.1190476,.1677852,.1417323,.0152781,280,440
1137,"California State University, Fullerton",11375,1274,1532,1865,2557,4147,.0016703,.0007849,0,.0005362,.0015643,.0031348,.0001793,25,143
1139,"California State University, Long Beach",13428,1524,1916,2153,2939,4896,.0033512,.0019685,.0020877,.0032513,.004083,.0038807,.0000695,50,20
1143,"California Polytechnic State University",13986,542,905,1538,2840,8161,.017875,.0147601,.0143646,.0143043,.0169014,.0194829,.001358,501,1077
1144,"California State Polytechnic University, Pomona",9572,1428,1340,1491,2071,3242,.0075219,.0084034,.0044776,.0040241,.0062772,.0107958,0,151,59
1146,"California State University, Chico",9211,542,872,1236,1963,4598,.0016285,0,0,.0016181,.0025471,.0017399,6.42e-06,30,9
1147,"California State University, Fresno",8298,1223,1382,1416,1817,2460,.0012051,.0008177,0,.0014124,.0011007,.0020325,0,17,60
1151,"San Diego State University",15477,1406,1737,2306,3160,6868,.0035537,.002845,.0051813,.0021683,.0041139,.0034945,.0001235,63,163
1154,"San Francisco State University",8446,855,1119,1458,1856,3158,.0022496,.0023392,.0008937,.0006859,.002694,.0031666,.0001102,36,201
1155,"San Jose State University",9577,1213,1158,1455,2026,3725,.0061606,.004122,.0025907,.0061856,.0064166,.0077852,.0006268,127,376
1170,"Claremont Mckenna College",1175,54,81,111,174,755,.013617,.0185185,0,.018018,.0114943,.0145695,.0008537,31,66
1171,"Harvey Mudd College",733,22,40,102,162,407,.1200546,.0454545,.125,.127451,.0740741,.1400491,.0127309,190,180
1173,"Pomona College",1555,71,77,125,184,1098,.0135048,.0140845,.012987,.016,0,.0154827,0,33,121
1192,"Cuesta College",8749,1002,1255,1785,2154,2553,.0020574,.001996,.0023904,.0016807,.0013928,.0027419,0,21,60
1219,"Long Beach City College",13274,3340,2937,2584,2303,2110,.0007534,.0005988,0,.000387,.0013026,.0018957,0,37,399
1239,"Miracosta College",6427,925,1088,1296,1441,1677,.0024895,.0043243,.0018382,.0007716,.0041638,.0017889,.000154,8,82
1245,"Mount San Antonio College",19713,3351,3827,4116,4356,4063,.0010146,.0008953,.0015678,.0004859,.0006887,.0014767,.0001014,30,228
1260,"Palomar College",16293,1942,2792,3323,4008,4228,.0017799,.0005149,.0007163,.0015047,.0022455,.0028382,.0001153,56,132
1261,"Pasadena City College",13331,3753,2896,2511,2069,2102,.0018003,.0021316,.0013812,.001593,.0019333,.0019029,0,30,176
1262,"Point Loma Nazarene University",2476,95,237,389,536,1219,.0048465,0,0,.0077121,.0074627,.0041017,.0000992,26,4
1280,"San Joaquin Delta College",10380,1790,1824,2079,2629,2058,.0010597,.0005587,.0005482,.002405,.0007607,.0009718,1.53e-06,15,0
1285,"Santa Barbara City College",8380,871,1293,1431,1702,3083,.00358,.0011481,.0030936,.0020964,.0023502,.0058385,.0001017,23,205
1286,"Santa Monica College",11641,2742,2497,2130,1705,2567,.0016322,.0014588,.0016019,.0014085,.002346,.0015582,0,15,14
1287,"Santa Rosa Junior College",11270,1188,1693,2292,2975,3122,.0022183,.0025253,.0005907,.0008726,.0020168,.004164,.0001924,39,62
1290,"Sierra College",13782,1197,1905,2719,3776,4185,.0013061,.0008354,.0005249,.0014711,.0013242,.0016726,.0000723,29,448
1305,"Stanford University",6755,267,424,603,867,4594,.0602517,.0337079,.0424528,.0331675,.0495963,.069003,.0051842,1309,2155
1312,"University Of California, Berkeley",19443,1840,2035,2392,3138,10038,.0234532,.0173913,.0206388,.013796,.0184831,.0289898,.000868,919,1838
1313,"University Of California, Davis",18423,1628,1875,2321,3488,9111,.009499,.0061425,.0053333,.0120638,.0063073,.0115245,.0001467,231,176
1314,"University Of California, Irvine",14748,1704,1746,2067,2795,6436,.0084757,.0046948,.0051546,.0111272,.0085868,.0094779,.0004744,174,879
1315,"University Of California, Los Angeles",20325,2264,2428,2532,3282,9819,.0111193,.0079505,.0065898,.0051343,.0131018,.0138507,.0003987,354,312
1316,"University Of California, Riverside",11061,1646,1841,1953,2106,3515,.0043396,.0018226,.0010864,.0035842,.0042735,.0076814,.0002016,43,359
1317,"University Of California, San Diego",15391,1466,1605,1999,2725,7596,.0200117,.0136426,.0137072,.0135068,.0209174,.02396,.0008973,497,1075
1320,"University Of California, Santa Barbara",15825,1002,1487,1938,2660,8738,.0107425,.003992,.004035,.0082559,.0116541,.012932,.0003723,280,430
1321,"University Of California, Santa Cruz",11303,823,1047,1474,2036,5923,.0070778,.0060753,.0057307,.0040706,.0068762,.0082728,.0001781,118,453
1326,"Santa Clara University",4648,162,248,438,707,3093,.0114028,.0061728,.0080645,.0182648,.0028289,.0129324,.0004788,61,178
1328,"University Of Southern California",13653,924,1264,1700,2018,7747,.0082766,.0064935,.0063291,.0070588,.0054509,.0098102,.0001518,229,1283
1329,"University Of The Pacific",2859,311,312,496,529,1211,.0059461,.0096463,.0096154,.0080645,.0018904,.0049546,7.72e-06,14,0
1347,"Colorado College",2449,127,183,275,338,1526,.0044916,0,0,0,.0029586,.0065531,0,21,16
1348,"Colorado School Of Mines",2433,85,202,405,595,1146,.0435676,.0470588,.0247525,.0493827,.0369748,.047993,.0008104,246,1114
1349,"University Of Northern Colorado",9906,479,1006,1671,2743,4007,.0017161,.006263,.0019881,.0017953,.0010937,.0014974,.0001195,34,94
1350,"Colorado State University",19202,648,1565,2629,4465,9895,.0055723,.0030864,.0057508,.0072271,.0049272,.0055584,.0002616,212,1749
1360,"Metropolitan State University Of Denver",10577,782,1463,2060,2936,3336,.00104,.0012788,.0013671,.0009709,.0006812,.001199,8.79e-06,7,19
1371,"University Of Denver",3967,151,235,431,641,2509,.0073103,.013245,.0085106,0,.0062402,.0083699,.0002416,48,240
1385,"Fairfield University",3864,90,181,282,624,2687,.0028468,.0111111,0,.0035461,0,.0033495,3.34e-08,21,16
1417,"University Of Connecticut",16144,701,1286,2198,4150,7809,.0058845,.0014265,.0031104,.0068244,.0045783,.0071712,.0001111,194,2181
1422,"University Of Hartford",4605,214,396,694,1177,2124,.0026059,0,.0025253,.0014409,.0042481,.002354,.0002171,21,10
1424,"Wesleyan University",3063,95,171,255,430,2112,.0042442,.0105263,.005848,0,.0139535,.0023674,0,9,0
1426,"Yale University",5183,215,268,382,615,3703,.0171715,.0046512,.0074627,.0078534,.0162602,.0197137,.0013456,173,188
1431,"University Of Delaware",16339,420,936,1659,3382,9942,.0058755,.0047619,.0032051,.0048222,.005618,.0064373,.0001827,141,214
1434,"American University ",5332,251,387,541,901,3252,.0028132,0,.002584,0,.0011099,.0039975,0,18,33
1444,"George Washington University",10088,497,776,1090,1488,6237,.0041634,.0020121,0,.0018349,.0033602,.0054513,.0003141,68,125
1445,"Georgetown University",6522,227,303,463,744,4785,.0045998,0,.0033003,.0043197,.0026882,.0052247,.0001486,34,137
1469,"Florida Institute Of Technology",1685,129,221,327,408,600,.0225519,.0232558,.0226244,.0122324,.0171569,.0316667,.0012214,62,14
1479,"Embry-Riddle Aeronautical University",6115,444,783,1096,1475,2317,.0075225,.009009,.0063857,.0082117,.0074576,.0073371,0,48,219
1480,"Florida Agricultural & Mechanical University",10082,1810,2638,2155,1776,1703,.0011902,.001105,.0007582,.0009281,.0011261,.0023488,.0001996,15,55
1489,"Florida State University",26293,1769,3279,4572,6057,10616,.0025482,.0033917,.0018298,.0019685,.0028067,.0027317,.0001166,101,195
1500,"Broward College",19230,3858,4344,3756,3643,3629,.000676,0,.0016114,.0007987,.000549,.0002756,0,26,109
1515,"Rollins College",1867,122,178,292,291,984,.0058918,0,0,0,.0034364,.0101626,.00053,23,117
1520,"Seminole State College Of Florida",7703,1195,1646,1881,1722,1259,.0012982,.0008368,.0012151,.0015949,.0011614,.0015886,.0000117,27,40
1533,"Tallahassee Community College",11177,2127,2534,2295,2187,2034,.0010736,.0004701,.0011839,.0004357,.0009145,.0024582,4.48e-06,14,15
1535,"University Of Florida",30731,2024,3390,4691,6999,13627,.0085256,.0059289,.0076696,.0074611,.009287,.0090996,.0002429,365,416
1536,"University Of Miami",8139,615,932,1075,1357,4160,.0057747,.001626,.0085837,.0046512,.0066323,.0057692,5.31e-06,67,0
1537,"University Of South Florida",18588,1959,3285,4054,4477,4813,.0041425,.006636,.0027397,.0032067,.0046906,.0043632,.0000433,88,31
1538,"University Of Tampa ",3145,251,353,543,721,1277,.0031797,.0039841,.0028329,.0018416,.001387,.0046985,0,5,30
1564,"Emory University",6477,255,394,598,836,4394,.0038598,0,.0050761,.006689,0,.0043241,.0001404,44,136
1569,"Georgia Institute Of Technology",9706,386,675,1071,1897,5677,.0381208,.0181347,.0311111,.0392157,.0369004,.0405144,.0018327,666,1348
1570,"Southern Polytechnic State University",1547,112,221,330,449,435,.0071105,.0089286,0,.0060606,.0111359,.0068966,6.97e-06,9,2
1572,"Georgia Southern University",12407,1115,1727,2263,3022,4280,.002015,.0026906,.0023162,.0008838,.0013236,.0028037,.0001621,57,36
1577,"Kennesaw State University",7893,456,834,1359,2145,3099,.0013936,.002193,.001199,0,.0004662,.0025815,6.17e-06,11,5
1580,"Mercer University",2714,205,326,500,677,1006,.00479,.004878,.0030675,.004,.0073855,.0039761,0,7,6
1598,"University Of Georgia",22962,775,1506,2553,4570,13558,.0029614,.0012903,.000664,.0031336,.0028446,.0033191,.0001183,81,136
1616,"Boise State University",11375,922,1863,2684,3056,2850,.0024615,0,.0032206,.0018629,.0026178,.0031579,.0002489,46,63
1625,"Brigham Young University-Idaho",16240,767,1651,3315,5023,5484,.0041256,0,.0006057,.0042232,.0035835,.0061999,.0001235,97,254
1626,"University Of Idaho",7673,506,1018,1614,2145,2390,.007559,.0098814,.002947,.0055762,.006993,.0108787,.0003872,84,43
1633,"Augustana College of Rock Island, IL",2569,55,169,377,666,1302,.0038926,0,0,.0026525,.0075075,.0030722,.0000167,12,0
1641,"Bradley University",5040,122,364,713,1315,2526,.0150794,0,.0164835,.0168303,.0174905,.0138559,.0004009,128,58
1665,"Columbia College of Chicago, IL",7332,753,1081,1264,1629,2605,.002455,0,.0009251,.0023734,.0018416,.0042226,3.99e-08,44,256
1671,"Depaul University",9332,672,1098,1435,1927,4200,.0027861,0,.0018215,.0020906,.0036326,.0033333,.0001112,59,150
1691,"Illinois Institute Of Technology",1082,93,152,185,284,368,.0360444,.0215054,.0328947,.0594595,.0316901,.0326087,.0035436,158,85
1692,"Illinois State University",15170,520,1060,2236,4513,6841,.0021753,.0019231,.0018868,.0022361,.0031021,.001608,.0000269,78,175
1737,"Northern Illinois University",14074,936,1553,2307,3879,5399,.0050448,0,.0012878,.005635,.0061872,.005927,.0002128,116,137
1739,"Northwestern University",8027,234,424,665,1077,5627,.0179395,.0042735,.009434,.0165414,.0222841,.0184823,.0008509,256,329
1758,"Southern Illinois University At Carbondale",12248,934,1672,2368,3396,3878,.0040823,.0010707,0,.004223,.0053004,.0054152,.0002532,74,68
1759,"Southern Illinois University Edwardsville",8044,560,946,1649,2581,2308,.0029836,.0053571,.0052854,.0024257,.0023247,.0025997,0,20,2
1774,"University Of Chicago ",4225,184,306,502,725,2508,.0108876,.0054348,0,.0099602,.0110345,.0127592,5.75e-06,49,64
1780,"Western Illinois University",9029,443,1037,1761,2642,3146,.0016613,.0022573,0,.0005679,.0026495,.0019072,0,15,56
1781,"Wheaton College of Wheaton, IL",2783,151,192,353,526,1561,.0046712,0,.0104167,.0056657,.0038023,.0044843,.0007085,24,18
1786,"Ball State University",16561,770,1633,3096,5120,5942,.0016303,0,.0006124,.001292,.0027344,.0013463,.0000581,38,24
1788,"Butler University",3048,34,168,336,795,1715,.0052493,0,0,.0089286,.0037736,.0058309,.000326,12,7
1792,"DePauw University",2537,64,174,367,585,1347,.0055183,0,0,0,.0051282,.0081663,.0007762,38,47
1795,"University Of Evansville",2368,122,252,450,670,874,.0105574,0,.0039683,.0088889,.0104478,.0148741,.0004314,48,66
1825,"Purdue University",41852,1482,3283,6738,12482,17867,.0139061,.0067476,.009138,.0089047,.010415,.0197011,.0009548,1167,1238
1830,"Rose - Hulman Institute Of Technology",688,16,74,129,230,239,.0843023,0,.0675676,.0775194,.0913043,.0920502,.0076474,64,99
1838,"Taylor University",2702,148,274,489,588,1203,.0040711,0,0,.002045,.005102,.0058188,.0003619,16,0
1840,"University Of Notre Dame",9280,121,371,669,1464,6655,.0115302,.0165289,.0161725,.0104634,.0095628,.0117205,.0005365,234,407
1842,"Valparaiso University",2908,68,223,469,817,1331,.0092847,.0147059,.0044843,0,.0110159,.012021,7.90e-06,41,18
1843,"Vincennes University",8989,1083,1655,2321,2564,1366,.001335,0,.0018127,.0012925,.0019501,.0007321,0,43,150
1868,"Grinnell College",1479,61,100,174,301,843,.0114943,0,.02,.0057471,.0099668,.0130486,8.70e-06,35,146
1869,"Iowa State University Of Science & Technology",19581,787,2107,3959,5763,6965,.015372,.0203304,.0071191,.014145,.0161374,.0173726,.0007539,573,520
1874,"Luther College",2723,102,203,504,739,1175,.0051414,0,0,.0059524,.0027064,.0076596,0,24,16
1890,"University Of Northern Iowa",10211,388,1143,2335,3465,2880,.0015669,0,.0017498,.0017131,.001443,.0017361,.0000976,12,23
1892,"University Of Iowa",18373,579,1307,2582,4445,9460,.0052251,.0086356,.0038256,.0046476,.0049494,.0054968,.0002167,139,535
1926,"Pittsburg State University",4854,355,809,1192,1507,991,.0026782,0,.0049444,.0008389,.0019907,.0050454,1.03e-06,18,15
1928,"Kansas State University",17499,709,2012,3492,5091,6195,.0069718,.0084626,.0089463,.0057274,.006482,.0072639,.000498,180,325
1948,"University Of Kansas",18243,589,1312,2479,4193,9670,.0049882,.0016978,.0015244,.0024203,.0047699,.0064116,.0002762,189,3115
1977,"Murray State University",6679,599,951,1514,1908,1707,.0014972,0,.0010515,.0019815,.0020964,.0011716,.00015,30,103
1999,"University Of Louisville",10811,819,1505,2046,3193,3248,.0038849,.003663,.0019934,.0029326,.0037582,.0055419,4.26e-06,65,52
2008,"Louisiana Tech University",9022,1087,1398,1760,2366,2411,.0036577,0,.0014306,.0045455,.0021133,.0074658,.0001774,51,39
2015,"University Of New Orleans ",9007,1541,1798,1773,2104,1791,.0014433,.0012979,.0016685,0,.0004753,.0039084,0,18,0
2031,"University Of Louisiana At Lafayette",12050,1647,1913,2387,3122,2981,.0026556,.0006072,.0005227,.0037704,.0032031,.00369,.0002368,57,39
2036,"Bates College",1930,49,94,177,321,1289,.0051813,0,0,.0056497,.0062305,.0054306,0,9,2
2038,"Bowdoin College",1836,80,112,144,242,1258,.0114379,0,.0089286,.0208333,.0041322,.0127186,4.47e-07,41,52
2039,"Colby College",2168,52,65,158,257,1636,.0078413,0,0,0,.0038911,.00978,.0013867,26,64
2058,"Anne Arundel Community College",10847,815,1363,2057,3022,3590,.0011985,0,.0014674,.0009723,.0013236,.0013928,.0000286,15,35
2077,"Johns Hopkins University",4247,182,278,420,646,2721,.0230751,.0054945,.0035971,.0119048,.0201238,.0286659,.0006952,147,155
2078,"Loyola University Maryland",3675,54,211,267,564,2579,.0035374,.0185185,0,.0037453,.001773,.0038775,3.25e-06,9,22
2115,"Amherst College",1663,88,89,154,161,1171,.0066146,0,0,0,.0124224,.0076857,0,11,0
2121,"Babson College",1409,59,97,128,239,886,.0070972,.0338983,.0103093,0,.0083682,.0056433,.0007093,20,54
2124,"Bentley University",3799,167,291,487,681,2173,.003422,.005988,0,0,.0044053,.0041417,.0002762,29,219
2128,"Boston College",9836,326,524,755,1358,6873,.0044734,.006135,.0038168,.0039735,.0044183,.0045104,8.39e-06,64,254
2130,"Boston University",15311,604,1128,1824,2916,8839,.0094703,.0033113,.0035461,.0104167,.0109739,.0099559,.0005893,246,423
2133,"Brandeis University",2939,121,234,287,445,1852,.0108881,0,.017094,.0069686,.0089888,.011879,1.05e-06,29,8
2141,"College Of The Holy Cross",3129,79,132,325,476,2117,.0044743,0,.0151515,.0092308,.0021008,.0037789,0,20,37
2178,"Massachusetts Institute Of Technology",3919,223,244,379,640,2433,.1206941,.0403587,.0983607,.1345646,.121875,.1278257,.0074783,1058,1441
2199,"Northeastern University",11878,686,1117,1705,2610,5760,.0138912,.0102041,.0107431,.0129032,.01341,.0154514,.0007539,380,1020
2209,"Smith College",2692,179,235,350,525,1403,.0044577,0,.0085106,.0057143,0,.0057021,0,7,13
2219,"Tufts University",4963,170,256,377,655,3505,.0155148,.0117647,.015625,.0079576,.0198473,.0156919,.0006071,89,224
2224,"Wellesley College",2298,119,189,261,354,1375,.0100087,.0084034,.015873,.0076628,.0084746,.0101818,.0004469,37,35
2225,"Wentworth Institute Of Technology",2972,187,340,477,813,1155,.0185061,.0320856,.0088235,.0125786,.0147601,.0242424,.0024384,120,433
2226,"Western New England University",2415,107,233,412,710,953,.010352,0,0,.0169903,.0112676,.0104932,.0004443,39,66
2233,"Worcester Polytechnic Institute",1810,66,162,299,460,823,.0679558,.030303,.037037,.0535117,.0521739,.09113,.0041221,164,185
2241,"Calvin College",2610,81,130,355,759,1285,.0061303,.0246914,0,.0056338,.0052701,.0062257,.0003951,33,282
2243,"Central Michigan University",16026,725,1443,2814,4815,6229,.00156,.0013793,.000693,.0017768,.0006231,.0024081,.000122,33,146
2251,"Delta College",9529,1102,1497,2151,2763,2016,.0010494,0,.001336,.0009298,.0007239,.0019841,.0001173,21,20
2259,"Eastern Michigan University",13153,924,1465,2083,3634,5047,.0015966,0,.0027304,.0024004,.0011007,.0015851,.0000606,15,86
2260,"Ferris State University",8110,673,1095,1620,2415,2307,.0055487,.0059435,.0045662,.0061728,.0057971,.0052016,.0006201,102,72
2261,"Charles Stewart Mott Community College",10245,1435,1423,1988,3066,2333,.0010737,0,0,0,.0013046,.0030004,0,15,0
2262,"Kettering University",2365,92,210,351,647,1065,.1014799,.1195652,.0952381,.0940171,.1097372,.0985916,.0053896,393,359
2267,"Grand Rapids Community College",13020,1132,1773,2846,4428,2841,.0015361,.0017668,.000564,.0003514,.0020325,.0024639,.000148,45,64
2268,"Grand Valley State University",13614,503,1097,2469,4500,5045,.0036727,0,.0036463,.0016201,.0053333,.0035679,.000227,95,454
2273,"Hope College",3403,93,181,435,911,1783,.0047017,0,0,.0022989,.0032931,.0067302,4.43e-06,26,86
2275,"Kalamazoo College",1457,14,71,153,298,921,.0096088,0,0,.0196078,.0067114,.009772,0,14,0
2278,"Lansing Community College",15267,1442,2117,3398,4708,3602,.0015065,0,.0004724,.00206,.0012744,.0024986,0,16,5
2279,"Lawrence Technological University",1263,90,137,221,341,474,.0387965,.0444444,.0364963,.0226244,.0410557,.0443038,.0014272,89,80
2290,"Michigan State University",32656,1395,2365,3820,7085,17991,.0093092,.0057348,.0046512,.010733,.0074806,.0106164,.0007458,640,1311
2292,"Michigan Technological University",5039,194,514,856,1547,1928,.0442548,.0257732,.0428016,.0455607,.040724,.0487552,.0022171,405,251
2303,"Oakland Community College",16090,1432,2001,2678,4223,5756,.0013673,.0006983,.0009995,.0003734,.0009472,.0024322,9.04e-07,32,343
2307,"Oakland University",8080,444,716,976,2078,3866,.0044554,0,.0027933,.005123,.0048123,.0049146,.0002447,66,117
2314,"Saginaw Valley State University",4676,213,672,917,1486,1388,.0038494,0,.0059524,.004362,.0040377,.0028818,1.90e-06,33,48
2323,"University Of Detroit Mercy",1600,173,237,281,395,514,.015625,.0057803,.0042194,.0035587,.0126582,.0330739,0,31,47
2325,"University Of Michigan - Ann Arbor",23437,811,1281,1943,3546,15856,.0214191,.0098644,.0156128,.0113227,.0228426,.0233981,.0011173,972,773
2326,"University Of Michigan - Dearborn",3053,214,269,422,886,1262,.0114641,.0093458,.0037175,.0047393,.0112867,.0158479,0,64,6
2328,"Washtenaw Community College",7687,802,1078,1244,2064,2499,.0016912,0,.0009276,.0024116,.0014535,.002401,.000079,27,59
2329,"Wayne State University",8850,1213,1326,1477,2154,2680,.0033898,.0016488,.0030166,.0020311,.0046425,.0041045,.0000175,47,82
2330,"Western Michigan University",18939,677,1311,2489,4859,9603,.0042769,.0014771,.0022883,.0036159,.0055567,.0042695,.0000504,137,377
2340,"Carleton College",1992,47,117,185,343,1300,.0145582,0,0,.0054054,.0145773,.0176923,7.99e-06,28,40
2345,"University Of Saint Thomas of Saint Paul, MN",4941,105,287,603,1072,2874,.0080955,.0095238,.0069686,.0099502,.0065299,.0083507,.0008268,75,56
2346,"Concordia College - Moorhead",2948,138,335,655,925,895,.0033921,.0072464,0,.0045802,.0010811,.0055866,.0003459,11,0
2353,"Gustavus Adolphus College",2854,61,211,387,708,1487,.0063069,.0327869,0,.0077519,.0070621,.00538,0,43,0
2358,"Macalester College",1734,90,122,241,378,903,.0063437,.0111111,.0081967,.0041494,.005291,.0066445,.000055,6,0
2379,"Saint John's University of Collegeville, MN",2017,30,73,267,557,1090,.006941,0,.0136986,.0037453,.0089767,.006422,9.24e-06,15,33
2382,"Saint Olaf College",3405,73,236,426,742,1928,.0032305,0,0,.0046948,.0053908,.0025934,.0002995,36,19
2423,"Mississippi State University",10686,966,1385,1816,2608,3911,.0036496,0,.0021661,.0011013,.0053681,.0051138,8.88e-06,42,68
2440,"University Of Mississippi",9871,637,1013,1317,1956,4948,.0018235,.0031397,.0009872,.0030372,.002045,.0014147,0,21,3
2441,"University Of Southern Mississippi",7917,1091,1426,1498,1859,2043,.0015157,.0009166,.0007013,.0026702,.0010758,.0019579,.0000111,15,49
2484,"Metropolitan Community College of Kansas City, MO",17099,1875,2897,3893,5042,3392,.0008772,.0005333,.0003452,.0005137,.0009917,.0017689,.0000504,36,495
2495,"Truman State University",6276,157,446,968,1872,2833,.0025494,0,.0067265,.0020661,.0021368,.0024709,0,12,0
2501,"Southeast Missouri State University",7013,506,879,1564,2071,1993,.0017111,0,.0011377,.0012788,.0028972,.0015053,0,8,8
2503,"Missouri State University",12693,688,1474,2575,3666,4290,.0019696,.002907,0,.0023301,.0019094,.002331,.0000831,18,53
2506,"Saint Louis University",6504,170,407,741,1506,3680,.0058426,0,.007371,.0067476,.0079681,.0048913,0,49,10
2520,"Washington University In St. Louis",6277,125,253,458,801,4640,.0186395,.024,.0118577,.010917,.0187266,.0196121,.0006375,227,159
2531,"Montana Tech Of The University Of Montana",1620,191,289,421,429,290,.0061728,.0104712,.0069204,.0023753,.004662,.0103448,0,6,7
2532,"Montana State University Bozeman",9221,643,1350,1931,2401,2896,.0083505,.0046656,.0051852,.0088037,.0095793,.0093232,.0004171,139,163
2536,"University Of Montana ",9746,920,1519,2014,2431,2862,.0014365,.001087,0,.0014896,.0020568,.001747,2.89e-07,26,186
2568,"University Of Nevada , Reno",7687,374,727,1280,2049,3257,.0065045,.0080214,.002751,.003125,.0087848,.0070617,.0005155,95,47
2569,"University Of Nevada - Las Vegas",10945,843,1469,2089,2692,3852,.0014619,.0011862,.0013615,.0004787,.0011144,.0023364,.0001836,14,25
2573,"Dartmouth College",4505,164,280,369,579,3113,.0199778,.0060976,.0357143,.0081301,.0138169,.0218439,.000893,369,2202
2589,"University Of New Hampshire",12652,462,1093,1822,3229,6046,.0057698,.0064935,.0036597,.0060373,.0068133,.0054582,.0002493,98,285
2609,"Rowan University",6203,404,572,838,1612,2777,.0046752,.0024752,.0052448,.0059666,.0037221,.0050414,0,24,42
2621,"New Jersey Institute Of Technology",2312,238,324,357,538,855,.0151384,.012605,.0154321,.0196078,.0130112,.0152047,0,30,20
2627,"Princeton University",4508,110,175,297,486,3440,.0295031,.0454545,.0457143,.006734,.026749,.0305233,.002173,278,1083
2629,"Rutgers, The State University Of New Jersey",27914,2315,3160,3920,5966,12553,.0055528,.0038877,.0041139,.0068878,.0051961,.0059747,.0002459,229,972
2639,"Stevens Institute Of Technology",1344,86,145,176,339,598,.046875,.0581395,.0482759,.0397727,.0353982,.0535117,.0016005,55,34
2642,"College Of New Jersey ",6188,223,396,590,1448,3531,.0056561,.0044843,.0126263,.0067797,.0055249,.0048145,.0003333,37,103
2654,"New Mexico Institute Of Mining & Technology",661,57,65,98,188,253,.0378215,.0175439,.0615385,.0408163,.0531915,.0237154,1.01e-06,24,1
2657,"New Mexico State University",15149,2774,3288,3361,3273,2453,.0019143,.0010815,.0009124,.0017852,.0015277,.004892,0,35,4
2663,"University Of New Mexico",12064,1735,2129,2333,2893,2974,.0029012,.0017291,.0018788,.0025718,.001037,.0063887,.0001702,59,379
2668,"Alfred University",2044,166,250,416,540,672,.0249511,.0180723,.012,.0264423,.0351852,.0223214,.0014712,70,112
2699,"Clarkson University",2548,145,268,462,673,1000,.038854,.0137931,.0298507,.034632,.0416048,.045,.0011277,274,226
2701,"Colgate University",3116,64,146,230,441,2235,.0073813,0,.0136986,.0130435,.0090703,.006264,.0006449,30,30
2707,"Columbia University In The City Of New York",5529,290,317,506,676,3740,.0191716,.0034483,.0157729,.0197628,.0266272,.0192513,.0003704,149,277
2708,"Barnard College",2331,158,184,213,289,1487,.00429,.0063291,.0054348,0,0,.00538,0,9,18
2710,"Cooper Union For The Advancement Of Science & Art ",788,80,71,95,141,401,.0596447,0,.0140845,.0526316,.0780142,.074813,.0054275,96,299
2711,"Cornell University",13161,615,992,1377,1861,8316,.0263658,.0146341,.0191532,.0232389,.027942,.0282588,.0011251,664,921
2722,"Fordham University",6986,569,620,876,1398,3523,.0021472,0,.0048387,0,.0035765,.0019869,0,14,118
2728,"Hamilton College",1964,78,122,129,294,1341,.0050916,0,0,.0155039,.0034014,.00522,.000012,11,18
2732,"Hofstra University",7751,591,905,1049,1659,3547,.0021933,.001692,0,.0038132,.0018083,.0025374,0,7,51
2739,"Ithaca College",6409,264,515,813,1353,3464,.0035887,0,.0058252,.0073801,.0036955,.0025982,.0003473,36,16
2765,"Marist College",4248,261,324,483,927,2253,.0042373,0,.0030864,.0041408,.0064725,.0039947,.0004482,65,21
2785,"New York University",16436,1070,1454,1756,2520,9636,.0038939,.0046729,.0020633,.0017084,.006746,.003736,.0000706,71,518
2798,"Pratt Institute",2241,202,277,351,511,900,.0120482,.009901,.0108303,.019943,.0078278,.0122222,.0036361,72,154
2803,"Rensselaer Polytechnic Institute",4724,238,393,568,1149,2376,.0656224,.0504202,.0636132,.0422535,.0687554,.0715488,.0058136,588,740
2806,"Rochester Institute Of Technology",7410,456,792,1284,1986,2892,.037112,.0197368,.0290404,.0272586,.0372608,.0463347,.0021795,481,737
2816,"Siena College",3036,106,243,430,694,1563,.0036232,0,.0082305,.0046512,.0086455,.0006398,0,5,17
2823,"Saint John's University of Queens, NY",10040,1497,1900,1943,2033,2667,.0010956,0,.0015789,.0020587,.0004919,.0011249,.0000924,14,6
2835,"State University Of New York At Albany",10414,920,1219,1657,2462,4156,.0023046,.0043478,.002461,.001207,.0008123,.003128,.000116,69,746
2836,"Binghamton University",9045,858,916,1197,1995,4079,.0063018,.002331,.0065502,.0075188,.00802,.0058838,.0001098,56,127
2837,"State University Of New York At Buffalo",13077,1034,1496,2114,3550,4883,.007647,.0038685,.0053476,.0042573,.0095775,.0092156,.0000782,136,182
2838,"State University Of New York At Stony Brook",8861,1446,1387,1416,2032,2580,.0045142,.0020747,.0043259,.0049435,.003937,.0062016,.0002116,66,86
2842,"SUNY College At Buffalo",5762,585,842,1271,1777,1287,.0019091,.0017094,.0011876,.0031471,.002251,.000777,.0003494,31,23
2845,"SUNY College At Geneseo",5437,208,411,789,1594,2435,.0029428,0,0,.0012674,.0031368,.0041068,0,9,9
2854,"SUNY College Of Technology At Alfred",3473,459,687,902,895,530,.0034552,0,.0014556,.0055432,.003352,.0056604,.0002888,11,0
2862,"Broome Community College",5359,734,1109,1361,1289,866,.0024258,.0013624,0,.002939,.003879,.0034642,0,18,5
2866,"Fashion Institute Of Technology",5093,636,784,885,1058,1730,.0035343,0,.0038265,.0056497,.0047259,.0028902,.0000158,18,23
2868,"Hudson Valley Community College",9878,1165,1699,2228,2829,1957,.0013161,0,.0005886,.0008977,.0017674,.0025549,0,22,14
2872,"Monroe Community College",13550,1688,2128,2905,3937,2892,.0011808,0,.0004699,.0017212,.001016,.0020747,1.59e-06,42,82
2878,"Suffolk County Community College",18213,1948,2955,3815,5141,4354,.0008785,.0005133,.0010152,.0007864,.0005835,.001378,0,23,68
2882,"Syracuse University",11786,687,1050,1410,2124,6515,.007721,.0058224,.0038095,.0049645,.0094162,.0085955,.001002,159,609
2889,"Union College of Schenectady, NY",2044,77,159,207,330,1271,.0122309,0,.0062893,.0096618,.0212121,.0118017,.0000148,24,12
2894,"University Of Rochester",4321,236,291,543,735,2516,.0215228,.0084746,.0103093,.0165746,.029932,.022655,.000452,157,175
2903,"Yeshiva University",1758,67,83,115,169,1324,.0068259,.0149254,.0120482,0,.0118343,.0060423,.0011074,24,16
2905,"North Carolina Agricultural & Technical State University",8143,1563,2231,1667,1600,1082,.0014737,0,.0008965,.0029994,0,.0046211,2.85e-06,12,12
2906,"Appalachian State University",11497,481,1028,1883,2983,5122,.0013047,0,0,.0005311,.0010057,.0021476,.0000611,13,28
2918,"Davidson College",1843,19,47,89,192,1496,.0070537,0,.0212766,.011236,.0052083,.0066845,1.82e-06,4,282
2920,"Duke University",7027,216,337,562,885,5027,.0210616,.0138889,.0207715,.0053381,.0214689,.0230754,.0011895,269,501
2923,"East Carolina University",14080,964,1688,2440,3565,5423,.0011364,0,0,0,.0019635,.0016596,.0000758,16,117
2972,"North Carolina State University",18534,860,1604,2594,4503,8973,.0166181,.0081395,.0130923,.0173477,.0144348,.0189457,.0011839,622,1233
2974,"University Of North Carolina - Chapel Hill",16848,658,1205,1783,3318,9884,.0045109,0,.0033195,.0033651,.005425,.0048563,0,137,85
2975,"University Of North Carolina - Charlotte",10311,722,1258,1768,2807,3756,.0049462,.001385,.0023847,.0050905,.0053438,.0061235,.0004971,100,130
2978,"Wake Forest University",4447,66,219,368,610,3184,.0040477,0,0,.0027174,.004918,.004397,.0000107,25,302
2984,"University Of North Carolina At Wilmington ",8285,339,767,1280,2103,3796,.0015691,0,.0013038,.0023438,.0023776,.0010537,0,8,49
2997,"North Dakota State University - Main Campus - Fargo",8597,450,1124,2082,2754,2187,.011632,.0088889,.0062278,.0096061,.0123457,.0160037,.0002528,149,102
3005,"University Of North Dakota",8885,417,915,1825,2847,2881,.0042769,.0023981,.0021858,.0060274,.00562,.0027768,.0000824,59,9
3014,"Baldwin Wallace University",3453,131,320,714,1082,1206,.0031856,0,.003125,0,.0027726,.0058043,0,3,0
3018,"Bowling Green State University",17294,664,1725,3552,5677,5676,.0014456,.001506,.0011594,.0014077,.0017615,.0012333,1.87e-06,20,8
3024,"Case Western Reserve University",3304,126,226,464,715,1773,.0499395,.031746,.0663717,.049569,.048951,.0496334,.0027105,266,245
3025,"Cedarville University",3615,117,350,686,1007,1455,.0071923,0,.0057143,.0029155,.0099305,.0082474,.0000281,32,29
3032,"Cleveland State University",4867,657,840,1162,1314,894,.0028765,0,0,.0060241,.0022831,.0044743,.0004124,23,31
3037,"College Of Wooster ",2147,84,179,343,490,1051,.0069865,.0238095,.0055866,.0058309,.0102041,.0047574,0,36,70
3042,"Denison University",1791,62,130,203,213,1183,.0055835,0,.0076923,.0049261,.0046948,.0059172,1.05e-06,12,40
3051,"Kent State University",25275,1799,3882,6335,7658,5601,.0016222,.0011117,.0010304,.0009471,.0024811,.0017854,6.03e-06,73,328
3065,"Kenyon College",1844,14,69,168,304,1289,.0059653,0,0,0,.0098684,.0062064,.0000111,10,17
3077,"Miami University",21111,656,1523,2849,4891,11192,.0033632,0,.0006566,.002457,.0028624,.0043781,.0001482,118,164
3078,"Wright State University",10145,539,1328,2483,3282,2513,.0024643,0,0,.0040274,.0015235,.0039793,0,40,65
3086,"Oberlin College",2911,147,211,353,548,1652,.0054964,0,0,.0028329,.0036496,.0078692,.0003383,12,34
3090,"Ohio State University ",7458,335,714,1347,2141,2921,.0049611,.0029851,.0014006,.0029696,.0042036,.0075317,.0008084,56,62
3100,"Ohio University",24009,1327,2704,4842,6785,8351,.0032488,.0030143,.0011095,.0020653,.0023581,.0053886,.0000611,73,37
3119,"Sinclair Community College",15106,1679,2709,3935,4156,2627,.0014564,0,.0011074,.0007624,.0021655,.0026646,.0001403,31,27
3123,"University Of Akron ",14603,1376,2361,3817,4275,2774,.0065055,.002907,.0033884,.0057637,.0091228,.0079308,.0004108,170,168
3125,"University Of Cincinnati",23911,1711,3325,4993,6894,6988,.0073606,.0017534,.0027068,.0042059,.0095735,.0110189,.0013813,619,1120
3127,"University Of Dayton",7419,177,387,848,1673,4334,.0111875,.0056497,.0103359,.0129717,.0089659,.0119982,.0001307,123,39
3131,"University Of Toledo",15600,1149,2037,3264,4988,4162,.0073718,.0008703,.0068729,.0055147,.0082197,.009851,.0002613,190,263
3145,"Youngstown State University",9708,1012,1732,2628,2825,1511,.0020602,.0049407,.0005774,.0022831,.0021239,.0013236,0,19,0
3170,"Oklahoma State University",15047,989,1903,2900,4019,5236,.0051838,.0020222,.0042039,.0041379,.0049764,.0068755,.0001333,128,73
3184,"University Of Oklahoma",16827,1083,1915,2677,3992,7160,.0050514,.0055402,.0031332,.0041091,.006012,.0053073,.0001166,161,130
3185,"University Of Tulsa ",2340,126,290,465,528,931,.007265,.0079365,.0103448,.0129032,.0018939,.0064447,.0001569,18,13
3210,"Oregon State University",12614,662,1221,2149,3307,5275,.0099889,.0045317,.00819,.008376,.0096764,.0119431,.0003011,162,182
3211,"Oregon Institute Of Technology",1354,145,230,318,445,216,.0206795,.0068966,.0130435,.0188679,.0269663,.0277778,.0006525,45,19
3213,"Portland Community College",15946,1945,2768,3643,3989,3601,.0011915,.0005141,.0010838,.001647,.0002507,.0022216,.0000641,37,549
3216,"Portland State University",5930,493,749,1058,1566,2064,.003204,.0020284,.0053405,.0009452,.0038314,.0033915,.0000112,22,50
3217,"Reed College",1358,71,116,215,221,735,.0095729,0,.0086207,0,.0090498,.0136054,.0007079,13,242
3218,"Chemeketa Community College",8104,1097,1560,2054,2190,1203,.0016041,.0009116,.0012821,.0019474,.0013699,.0024938,0,12,0
3223,"University Of Oregon",12790,641,1136,1962,2917,6134,.0030493,.0062402,.0052817,.0025484,.0010285,.0034235,.0001406,74,227
3224,"University Of Portland",2709,76,149,413,686,1385,.0055371,.0263158,.0134228,.0024213,.0043732,.0050542,9.12e-07,29,73
3238,"Bucknell University",3759,91,214,384,665,2405,.0130354,.010989,.0280374,.015625,.0105263,.0120582,.0005282,76,49
3239,"Bucks County Community College",8345,578,1043,1693,2539,2492,.0011983,0,0,.0011813,.0015754,.0016051,.00012,39,56
3242,"Carnegie Mellon University",4651,112,358,505,849,2827,.0752526,.0357143,.0363128,.0712871,.0730271,.083127,.0059734,837,1126
3274,"Haverford College",1252,49,70,137,163,833,.0111821,0,0,0,.0122699,.0144058,.0008075,12,26
3284,"Lafayette College",2303,62,48,216,406,1571,.0143291,0,.0208333,.0231481,.0147783,.0133673,.0004489,46,39
3289,"Lehigh University",4628,122,248,570,649,3039,.0229041,.0409836,.0241935,.0192982,.0246533,.0223758,.0021117,216,290
3325,"Millersville University Of Pennsylvania",6760,300,715,1272,2156,2317,.0025148,.0033333,0,.0023585,.0046382,.0012948,0,16,0
3326,"Shippensburg University Of Pennsylvania",6884,317,726,1313,2177,2351,.0017432,0,.0013774,.0007616,.0018374,.0025521,7.52e-07,7,0
3328,"West Chester University Of Pennsylvania",9146,435,845,1420,2578,3868,.001312,0,.0023669,.0028169,0,.0015512,0,24,256
3329,"Pennsylvania State University ",61298,3645,6490,10809,15920,24434,.0076838,.0041152,.0053929,.0052734,.0087312,.0092085,.0004698,906,1371
3354,"Philadelphia University",2405,124,247,366,575,1093,.0120582,0,.0080972,.0081967,.0173913,.0128088,.0043917,129,345
3370,"Swarthmore College",1408,67,104,154,203,880,.0163352,0,.0192308,0,.0098522,.0215909,3.13e-06,28,6
3371,"Temple University",15236,1455,2298,2827,3759,4897,.0018378,.0006873,.0008703,.0028299,.0010641,.0026547,.0000764,28,100
3378,"University Of Pennsylvania",9653,357,492,776,1205,6823,.01585,.0168067,.0182927,.0103093,.0149378,.0164151,.0005206,201,237
3388,"Villanova University",7066,147,315,530,1095,4979,.0067931,.0068027,.0063492,.0075472,.0063927,.0068287,.0001389,47,6
3395,"Pennsylvania College Of Technology",6823,589,1129,1900,1898,1307,.003371,0,.0017715,.0042105,.0047418,.0030604,.0001399,21,17
3401,"Brown University",5998,173,270,459,699,4397,.0206736,.0115607,.0111111,.0261438,.0257511,.0202411,.0010294,195,138
3404,"Johnson & Wales University",14496,1792,2612,2884,3104,4104,.0009658,0,.0003828,.0006935,.0016108,.001462,3.13e-06,12,51
3406,"Providence College",4200,88,167,346,846,2753,.002619,0,0,.0028902,.0023641,.0029059,0,19,135
3409,"Rhode Island School Of Design",1421,58,103,168,240,852,.0204082,.0517241,.0097087,.0119048,.0333333,.0176056,.0058059,154,309
3410,"Roger Williams University",3317,113,254,470,822,1658,.0048236,0,0,.0085106,.0024331,.0060314,.0002951,22,6
3414,"University Of Rhode Island",9704,496,929,1424,2409,4446,.0049464,0,.0010764,.0049157,.0058115,.005848,.0002084,66,84
3425,"Clemson University",13325,440,915,1635,3008,7327,.0087805,.0022727,.0120219,.0103976,.0106383,.007643,.0004422,169,179
3428,"College Of Charleston",8848,458,675,1156,1802,4757,.0023734,.0043668,0,.0017301,.0011099,.0031532,.0002057,23,178
3434,"Furman University",3049,74,164,288,545,1978,.0039357,0,0,.0034722,.0055046,.0040445,.0000232,30,128
3482,"Christian Brothers University",1058,100,153,141,242,422,.0113422,.02,0,.0070922,.0123967,.014218,0,21,0
3509,"University Of Memphis ",10416,1116,1695,1891,2548,3166,.0022081,.0008961,.00059,.0026441,.0023548,.0031586,.0000913,45,63
3510,"Middle Tennessee State University",15162,1014,1881,2929,4470,4868,.0012531,.0009862,.0015949,.0010242,.0013423,.0012325,.0000652,13,9
3523,"Tennessee Technological University",6146,575,924,1405,1744,1498,.0060202,.0034783,.0021645,.0085409,.0063073,.0066756,.0001679,37,23
3535,"Vanderbilt University",6817,263,356,580,840,4778,.0129089,.0038023,.008427,.0137931,.0130952,.013604,.0002926,132,390
3545,"Baylor University",11730,502,897,1308,2132,6891,.0036658,.0039841,.0044593,.0007645,.0051595,.0036279,.0001605,48,87
3549,"Blinn College",13658,1511,2157,2614,3335,4041,.0009518,.0006618,.0009272,.0015302,.0005997,.0009899,5.37e-06,18,6
3581,"Lamar University",7083,925,1090,1305,2014,1749,.0016942,0,0,.0007663,.0019861,.0040023,6.69e-07,13,0
3584,"Letourneau University",1191,104,198,166,355,368,.0193115,.0384615,.0151515,.0120482,.0169014,.0217391,0,50,128
3594,"University Of North Texas",15127,1014,1742,2390,3717,6264,.0020493,0,.0028703,.0012552,.0008071,.0031928,0,31,58
3599,"University Of Texas - Pan American",7890,3028,2005,1237,953,667,.0013942,.0006605,.0014963,.0024252,.0010493,.0029985,.0001275,8,8
3604,"Rice University",3066,106,166,275,409,2110,.0335943,.0188679,.0301205,.0254545,.0220049,.0379147,.0009934,143,53
3606,"Sam Houston State University",8705,777,1380,1650,2224,2674,.0011488,.001287,.0021739,0,.0013489,.0011219,0,7,108
3613,"Southern Methodist University",5500,251,446,495,678,3630,.0056364,.0039841,0,.0080808,.0058997,.0060606,.000022,28,47
3615,"Texas State University",14768,913,1608,2331,3746,6170,.001896,0,.0012438,.001287,.0021356,.0024311,.0000663,32,102
3626,"Tarrant County College District",27358,3194,4917,5714,6903,6630,.0006579,.0003131,.0004068,0,.0010141,.0012066,.0000221,27,131
3632,"Texas A&M University",33583,1203,2446,4194,7566,18174,.0071762,.003325,.007359,.0045303,.007005,.0080885,.0002425,366,785
3636,"Texas Christian University",6099,205,435,626,952,3881,.0031153,0,.0068966,.0015974,.0010504,.0036073,0,20,66
3647,"Trinity University",2686,69,174,294,407,1742,.0085629,0,0,.0102041,.014742,.0080367,.0003703,49,62
3656,"University Of Texas At Arlington",8579,847,1330,1567,2042,2793,.0025644,.0035419,0,.0019145,.003428,.0032223,.000017,46,0
3670,"Brigham Young University",28861,724,1636,3551,7321,15629,.0103254,.0110497,.007335,.0081667,.0103811,.0110692,.0002729,441,856
3671,"Dixie State University",6379,580,966,1545,1882,1406,.0029785,.0051724,.0010352,.0045307,.0021254,.002845,0,26,0
3675,"University Of Utah",13555,568,1208,2045,3529,6205,.0078938,.0052817,.0074503,.005379,.0079343,.009025,.0003645,133,788
3677,"Utah State University",12974,573,1351,2788,4156,4106,.0052413,.0017452,.0051813,.0046628,.0055342,.0058451,.0002003,75,103
3679,"Snow College",4304,362,616,1176,1326,824,.0025558,.0055249,.0016234,.0008503,.0030166,.0036408,0,20,25
3680,"Weber State University",13453,553,1227,2799,4861,4013,.0023787,.0018083,.000815,.0021436,.0022629,.0032395,0,46,172
3691,"Middlebury College",2470,66,127,157,267,1853,.0064777,0,.007874,0,.0074906,.0070157,.0000133,10,28
3696,"University Of Vermont And State Agricultural College",8101,355,699,1139,1715,4193,.0048142,.0056338,.0028612,.0035119,.0052478,.0052468,.0002525,67,155
3705,"College Of William & Mary",6169,104,271,539,1045,4210,.0050251,0,.0073801,0,0,.0068884,.0000284,34,178
3721,"James Madison University",14985,318,683,1446,3067,9471,.0027361,.0062893,.0014641,.0027663,.0016303,.003062,.0000841,56,140
3727,"Northern Virginia Community College",22619,2235,3092,3882,5126,8284,.0016358,.0017897,.0012937,.0010304,.0019508,.0018107,0,45,1389
3728,"Old Dominion University",7761,685,1165,1676,2120,2115,.0021904,0,.0008584,.0023866,.0023585,.0033097,0,15,41
3732,"Radford University",7887,395,794,1237,2172,3289,.0016483,.0025316,0,.0016168,0,.0030404,2.00e-06,14,0
3735,"Virginia Commonwealth University",12811,983,1662,2281,3227,4658,.0032784,.0020346,.0012034,.004384,.0018593,.0047231,.0001587,60,27
3744,"University Of Richmond",3321,159,133,198,507,2324,.0039145,0,0,0,.0019724,.0051635,.0003224,16,0
3745,"University Of Virginia",13592,382,661,1145,2122,9282,.0080194,0,.0060514,.0061135,.0089538,.0085111,.0002986,206,271
3746,"University Of Mary Washington",3682,77,167,363,802,2273,.0027159,0,0,.0027548,.0012469,.0035196,.0002617,11,1
3749,"George Mason University",9661,640,1011,1336,2028,4646,.0026912,.003125,.0019782,.0022455,.0019724,.0032286,2.42e-06,23,26
3753,"Virginia Military Institute",1388,81,100,158,335,714,.0072046,.0123457,.01,0,.0119403,.0056022,.0000374,16,15
3754,"Virginia Polytechnic Institute & State University",21219,625,1270,2396,4682,12246,.0132428,.0112,.0062992,.009182,.0089705,.0164952,.0005932,499,666
3769,"Bellevue College",8886,610,904,1385,2285,3702,.0040513,.0065574,.0033186,.001444,.0061269,.0035116,.0002336,49,228
3773,"Clark College",7391,663,1056,1605,2299,1768,.0014883,.0015083,.000947,.0018692,.0008699,.0022624,.0001365,17,64
3778,"Gonzaga University",3574,148,232,448,766,1980,.0081142,.0067568,.0086207,.0022321,.0078329,.009596,.0002762,31,135
3785,"Pacific Lutheran University",2776,120,274,500,748,1134,.0061239,.0083333,0,.006,.0093583,.005291,0,26,10
3788,"Seattle Pacific University",2931,143,225,500,789,1274,.0044353,.006993,0,.004,.0050697,.0047096,.0017361,40,75
3790,"Seattle University",2583,145,211,459,648,1120,.0058072,0,0,.0087146,.0015432,.0089286,.0007615,47,23
3797,"University Of Puget Sound",2787,84,197,295,616,1595,.0071762,0,.0050761,.0067797,.0081169,.0075235,.0003679,28,0
3798,"University Of Washington System",22467,1476,2016,3153,5202,10620,.0133529,.0094851,.0109127,.0072946,.0136486,.0160075,.0011135,613,1439
3800,"Washington State University",12977,616,1133,2091,3481,5656,.0056253,.0032468,.0061783,.0047824,.00316,.0076025,0,122,897
3802,"Western Washington University",10996,379,851,1633,3094,5039,.0067297,.0105541,.0035253,.0067361,.0064641,.0071443,.0007985,218,454
3803,"Whitman College",1666,37,86,153,293,1097,.0078031,0,.0232558,0,.0068259,.0082042,8.26e-06,27,153
3815,"Marshall University",9287,963,1393,2125,2602,2204,.0012921,0,.0014358,.0009412,.001153,.0022686,.0000958,0,34
3856,"Lawrence University Of Wisconsin",1375,46,94,229,346,660,.0072727,0,0,.0087336,.0028902,.0106061,0,15,7
3863,"Marquette University",7675,223,478,748,1892,4334,.0100326,.0134529,.0062762,.0147059,.0073996,.0106138,.0006763,123,216
3868,"Milwaukee School Of Engineering",1755,39,177,345,600,594,.0615385,.025641,.0677966,.0463768,.05,.0824916,.0035619,122,104
3932,"University Of Wyoming",6645,372,793,1409,2091,1980,.0037622,.0026882,.001261,.0028389,.0057389,.0035354,8.58e-06,34,20
3954,"University Of Central Florida",21490,1682,2947,4201,5388,7272,.0053048,.0041617,.002036,.0054749,.0057535,.0064631,.0002321,190,669
3961,"Harper College",9718,780,1101,1702,2744,3391,.0012348,.0025641,.0009083,.0017626,.0007289,.0011796,.0000215,11,3
4003,"Central Texas College District",22182,4666,5615,5595,4199,2107,.0008115,.0006429,.0008905,.0003575,.0009526,.0018984,0,42,583
4027,"Utah Valley University",16911,936,1824,3595,4977,5579,.0031341,.0010684,.0027412,.001669,.0030139,.0046603,.0001174,83,714
4076,"Kirkwood Community College",13331,1158,2101,3440,4121,2511,.0009752,.0008636,.0009519,.0017442,.0009706,0,0,17,37
4452,"Montgomery County Community College",7863,599,1092,1576,2408,2188,.001399,.0016694,0,.001269,.0008306,.0027422,0,18,33
4641,"Dunwoody College Of Technology",1704,110,190,339,563,502,.0076291,0,.0052632,.0147493,.0071048,.0059761,3.09e-06,14,2
4673,"Baker College",15640,2961,3304,3609,3703,2063,.0006394,0,.0006053,.0002771,.0010802,.0014542,3.09e-06,3,8
4742,"Central New Mexico Community College",15802,3323,3641,3599,3196,2043,.0007594,.0009028,.0005493,.0002779,.0006258,.0019579,3.19e-07,16,29
4844,"Wake Technical Community College",7098,758,1153,1363,1803,2021,.0015497,0,0,.0014674,.0016639,.0029688,0,20,29
4878,"Clackamas Community College",5977,620,1056,1492,1797,1012,.0016731,0,0,.0020107,.0038954,0,.0001609,15,129
5220,"Salt Lake Community College",17404,1173,2229,4023,5528,4451,.001379,0,.0008973,.0007457,.0005427,.0035947,.0000547,43,813
5294,"Waukesha County Technical College",4512,197,467,914,1600,1334,.0026596,0,.0021413,.0032823,.003125,.0022489,.0000177,43,83
6656,"College Of Du Page",15590,1364,1859,2614,4247,5506,.000898,.0021994,.0010758,0,.0004709,.0012713,7.55e-06,15,13
6750,"Valencia College",22616,3918,5138,5261,4597,3702,.0013265,.0010209,.0009731,.0013305,.0015227,.0018909,.0000441,41,133
6753,"Illinois Central College",8582,753,1091,1921,2840,1977,.0020974,0,.0009166,.0010411,.0028169,.0035407,.0002297,19,18
6771,"College For Creative Studies",498,12,38,79,117,252,.062249,.1666667,.0526316,.0506329,.034188,.0753968,.0174667,123,319
6867,"Columbus State Community College",17603,1923,3208,4207,4708,3557,.0007385,.00052,.0006234,.0004754,.001062,.0008434,.0000315,23,35
7120,"Des Moines Area Community College",11857,1191,2073,3015,3545,2033,.0010964,0,.0014472,.000995,.0008463,.0019675,.0001721,20,27
7470,"Art Institute Of Pittsburgh ",3789,567,801,920,838,663,.0047506,.0035273,.0087391,.0043478,.0011933,.0060332,.000785,53,52
7531,"Academy Of Art University",2195,219,278,399,457,842,.0068337,.0091324,.0107914,.0025063,.0021882,.0095012,.0008868,22,32
7692,"Moraine Valley Community College",11740,980,1390,2228,3819,3323,.0011925,.0010204,.0014388,.0008977,.0002618,.0024075,.0001687,28,44
7694,"College Of Lake County",7666,630,1035,1362,2266,2373,.0013045,0,.0009662,0,.0008826,.0029499,0,16,637
7870,"Hillsborough Community College",15124,2579,3541,3706,3208,2090,.0007273,0,.0002824,.0005397,.0012469,.0019139,.0000209,36,178
8244,"Johnson County Community College",12841,843,1535,2569,3550,4344,.0010903,.0011862,.0019544,.0011678,.0008451,.0009208,1.97e-06,19,35
8903,"College Of The Canyons",9011,865,1238,1532,2144,3232,.0011098,0,0,.0006527,.0013993,.0018564,0,26,123
8906,"Macomb Community College",17719,1266,2028,3047,5494,5884,.001298,.0007899,.0004931,.0009846,.0014561,.0016995,.0001259,90,406
8918,"Saddleback College",10028,794,1110,1629,2144,4351,.0019944,.0012594,.0018018,.0018416,.0032649,.0016088,.0001107,63,383
9058,"Bethel University of Saint Paul, MN",2950,83,246,503,850,1268,.0054237,0,.004065,.0019881,.0070588,.0063091,0,22,25
9256,"Moraine Park Technical College",4261,275,657,1236,1553,540,.0039897,0,.0030441,.0016181,.0051513,.0092593,.0004493,40,89
9275,"Northern Kentucky University",9234,626,1157,1892,3137,2422,.0014078,0,.0008643,.0015856,.0009563,.0024773,.0001683,15,17
9345,"Richard Stockton College Of New Jersey ",4319,320,490,707,1253,1549,.0025469,.003125,.0040816,0,.0015962,.0038735,0,11,11
9741,"University Of Texas At Dallas",3772,240,385,596,900,1651,.009544,0,.012987,.0067114,.01,.0109025,0,37,48
9763,"Tulsa Community College",10879,1437,2130,2467,2736,2109,.001103,.0013918,.000939,.0016214,.0010965,.0004742,9.05e-06,32,61
9841,"University Of North Florida",7534,509,1064,1667,2181,2113,.0021237,0,.0028195,.0005999,.0022925,.0033128,.0002616,21,105
9896,"Oakton Community College",6176,732,986,1198,1475,1785,.0017811,.0013661,.0010142,.0008347,.0020339,.0028011,0,21,23
10149,"Pepperdine University",2857,152,228,390,525,1562,.0038502,.0065789,0,0,.0038095,.0051216,.0003209,26,238
10195,"Art Institute Of Fort Lauderdale ",2237,491,504,422,381,439,.0053643,0,.0039683,.0023697,.007874,.0136674,.0008816,47,106
10684,"Erie Community College",11930,1746,2026,2784,3334,2040,.0010897,0,.0009872,.0014368,.0011998,.0014706,0,12,34
11145,"Lone Star College-North Harris",25985,3260,4577,5199,6110,6839,.0010775,.0009202,.0008739,.0009617,.0016367,.0008773,1.98e-06,72,381
11644,"University Of Maryland University College",19768,3805,4937,4894,4019,2113,.0007082,.0007884,.0006077,.0002043,.0014929,.0004733,.000063,32,24
11649,"Loyola Marymount University",5040,276,411,552,809,2992,.0041667,0,.0048662,.0036232,.0024722,.0050134,.0004134,32,19
20662,"New School, The",2691,273,318,315,428,1357,.0059457,0,0,0,.0023364,.0110538,.0008182,79,124
20771,"Milwaukee Institute Of Art & Design",640,60,67,130,170,213,.0203125,0,0,.0076923,.0176471,.0422535,.0063899,124,358
20789,"Art Institute Of Colorado ",2433,306,455,504,505,663,.0053432,.0098039,0,0,.0059406,.0105581,.0008275,29,62
21415,"Savannah College Of Art And Design",4675,253,448,642,1004,2328,.0094118,.0158103,.0022321,.0093458,.0089641,.0103093,.0025345,160,417
22913,"Art Institute Of Seattle ",2616,299,385,549,742,641,.0042049,0,.0051948,.0054645,.0026954,.0062402,.0007575,39,41
