Year,AK,AL,AR,AZ,CA,CO,CT,DC,DE,FL,GA,HI,IA,ID,IL,IN,KS,KY,LA,MA,MD,ME,MI,MN,MO,MS,MT,NC,ND,NE,NH,NJ,NM,NV,NY,OH,OK,OR,PA,RI,SC,SD,TN,TX,UT,VA,VT,WA,WI,WV,WY,US,US_SUM
1917,N/A,2361000,1737000,311000,3171000,910000,1327000,385000,222000,895000,2885000,N/A,2382000,413000,6313000,2910000,1748000,2421000,1795000,3738000,1428000,777000,3451000,2329000,3470000,1820000,505000,2546000,661000,1285000,447000,2976000,361000,81000,9993000,5510000,1960000,763000,8578000,606000,1675000,599000,2331000,4563000,444000,2313000,372000,1287000,2587000,1439000,186000,103266000,103267000
1918,N/A,2343000,1749000,320000,3262000,906000,1329000,418000,220000,865000,2941000,N/A,2351000,405000,6275000,2880000,1729000,2425000,1746000,3695000,1467000,760000,3499000,2291000,3325000,1813000,501000,2522000,636000,1266000,440000,3043000,382000,77000,9936000,5547000,1969000,763000,8524000,604000,1746000,570000,2288000,4666000,437000,2359000,352000,1341000,2597000,1438000,181000,103203000,103199000
1919,N/A,2337000,1742000,329000,3339000,938000,1359000,445000,221000,898000,2870000,N/A,2379000,424000,6392000,2906000,1756000,2413000,1756000,3785000,1445000,762000,3591000,2346000,3371000,1790000,534000,2535000,648000,1290000,443000,3136000,362000,77000,10252000,5683000,2003000,774000,8643000,603000,1687000,606000,2305000,4631000,446000,2318000,352000,1333000,2600000,1464000,191000,104512000,104510000
1920,N/A,2359000,1756000,340000,3554000,937000,1391000,440000,219000,962000,2926000,N/A,2400000,433000,6663000,2947000,1769000,2421000,1813000,3882000,1464000,771000,3723000,2403000,3404000,1800000,543000,2588000,646000,1300000,444000,3198000,363000,78000,10282000,5799000,2055000,788000,8740000,613000,1685000,640000,2329000,4723000,453000,2347000,353000,1373000,2679000,1470000,197000,106466000,106463000
1921,N/A,2402000,1769000,351000,3795000,961000,1415000,446000,216000,997000,2965000,N/A,2407000,435000,6858000,2976000,1779000,2436000,1847000,3951000,1492000,775000,3872000,2434000,3429000,1823000,546000,2651000,646000,1309000,449000,3297000,370000,80000,10416000,5921000,2108000,798000,8900000,629000,1693000,652000,2369000,4853000,457000,2395000,355000,1405000,2722000,1485000,203000,108541000,108540000
1922,N/A,2434000,1772000,360000,3991000,965000,1431000,450000,214000,1044000,2965000,N/A,2428000,436000,6958000,2965000,1799000,2450000,1871000,4010000,1509000,778000,3942000,2451000,3437000,1836000,543000,2700000,647000,1312000,451000,3380000,375000,81000,10589000,6054000,2140000,814000,8982000,644000,1692000,660000,2424000,4955000,467000,2412000,354000,1415000,2761000,1498000,208000,110055000,110054000
1923,N/A,2464000,1784000,371000,4270000,984000,1455000,453000,215000,1097000,2954000,N/A,2425000,436000,7068000,3042000,1808000,2480000,1903000,4057000,1521000,781000,4063000,2487000,3454000,1858000,538000,2761000,648000,1321000,453000,3472000,382000,82000,10752000,6183000,2159000,833000,9148000,656000,1699000,669000,2463000,5077000,474000,2423000,354000,1433000,2803000,1526000,211000,111950000,111950000
1924,N/A,2501000,1800000,382000,4541000,1014000,1481000,456000,219000,1160000,2920000,N/A,2420000,434000,7215000,3086000,1807000,2531000,1939000,4102000,1537000,788000,4214000,2521000,3508000,1886000,538000,2830000,642000,1333000,457000,3573000,390000,84000,10953000,6319000,2179000,856000,9383000,669000,1710000,673000,2502000,5210000,481000,2426000,355000,1467000,2833000,1577000,215000,114113000,114117000
1925,N/A,2534000,1812000,393000,4730000,1019000,1506000,461000,222000,1264000,2883000,N/A,2427000,436000,7306000,3119000,1825000,2520000,1972000,4154000,1556000,792000,4331000,2540000,3526000,1910000,535000,2895000,643000,1343000,459000,3664000,396000,85000,11186000,6434000,2216000,883000,9478000,680000,1718000,682000,2531000,5332000,487000,2423000,355000,1494000,2863000,1593000,216000,115832000,115829000
1926,N/A,2567000,1826000,403000,4929000,1016000,1531000,469000,225000,1368000,2869000,N/A,2432000,441000,7395000,3148000,1836000,2545000,2005000,4194000,1576000,793000,4451000,2560000,3556000,1935000,531000,2959000,651000,1353000,463000,3758000,403000,87000,11257000,6504000,2256000,905000,9594000,681000,1726000,683000,2553000,5453000,494000,2419000,356000,1516000,2892000,1623000,217000,117399000,117404000
1927,N/A,2609000,1840000,414000,5147000,1028000,1557000,476000,229000,1418000,2891000,N/A,2441000,447000,7519000,3191000,1836000,2551000,2039000,4223000,1599000,796000,4589000,2588000,3576000,1962000,527000,3027000,657000,1365000,466000,3891000,410000,88000,11174000,6577000,2306000,925000,9745000,677000,1736000,682000,2608000,5577000,500000,2433000,357000,1538000,2916000,1671000,219000,119038000,119038000
1928,N/A,2640000,1847000,422000,5344000,1014000,1577000,479000,233000,1433000,2903000,N/A,2450000,449000,7576000,3212000,1850000,2567000,2064000,4217000,1610000,797000,4665000,2592000,3601000,1981000,541000,3082000,665000,1371000,468000,3968000,416000,89000,11599000,6608000,2344000,936000,9802000,678000,1739000,685000,2624000,5675000,504000,2435000,358000,1551000,2923000,1696000,220000,120501000,120500000
1929,N/A,2644000,1852000,430000,5531000,1008000,1594000,483000,236000,1445000,2903000,N/A,2460000,447000,7606000,3226000,1867000,2606000,2086000,4229000,1621000,797000,4795000,2572000,3622000,1998000,524000,3133000,674000,1375000,467000,3989000,420000,90000,12171000,6626000,2372000,947000,9723000,684000,1739000,690000,2604000,5762000,508000,2425000,359000,1555000,2934000,1717000,223000,121770000,121769000
1930,N/A,2647000,1859000,434000,5711000,1040000,1613000,488000,239000,1471000,2910000,N/A,2475000,447000,7644000,3242000,1883000,2623000,2105000,4250000,1636000,800000,4834000,2576000,3646000,2006000,539000,3167000,682000,1380000,466000,4068000,427000,92000,12647000,6662000,2401000,956000,9649000,686000,1745000,693000,2619000,5844000,509000,2427000,360000,1568000,2950000,1733000,226000,123077000,123075000
1931,N/A,2649000,1848000,429000,5824000,1056000,1628000,504000,242000,1493000,2924000,N/A,2482000,454000,7687000,3257000,1881000,2652000,2124000,4248000,1657000,807000,4798000,2614000,3711000,1994000,540000,3184000,680000,1384000,470000,4120000,436000,94000,12848000,6694000,2403000,966000,9707000,681000,1753000,694000,2657000,5907000,513000,2445000,359000,1581000,2990000,1740000,229000,124040000,124038000
1932,N/A,2653000,1836000,426000,5894000,1066000,1637000,513000,245000,1521000,2935000,N/A,2489000,459000,7736000,3281000,1883000,2676000,2155000,4259000,1678000,815000,4780000,2646000,3746000,2004000,540000,3227000,676000,1386000,474000,4120000,441000,96000,13001000,6717000,2394000,972000,9764000,677000,1748000,692000,2711000,5961000,517000,2452000,358000,1584000,3021000,1747000,230000,124840000,124839000
1933,N/A,2661000,1854000,426000,5963000,1071000,1642000,529000,248000,1552000,2950000,N/A,2495000,464000,7768000,3304000,1877000,2698000,2178000,4282000,1694000,821000,4780000,2673000,3773000,2031000,541000,3268000,674000,1385000,477000,4107000,449000,96000,13126000,6740000,2392000,978000,9784000,675000,1752000,690000,2747000,6014000,520000,2460000,357000,1592000,3040000,1752000,230000,125579000,125580000
1934,N/A,2685000,1878000,428000,6060000,1075000,1650000,568000,250000,1585000,2964000,N/A,2510000,473000,7772000,3319000,1868000,2722000,2202000,4305000,1710000,829000,4798000,2695000,3784000,2050000,545000,3304000,672000,1382000,480000,4089000,461000,98000,13253000,6751000,2391000,985000,9795000,675000,1760000,682000,2784000,6053000,522000,2485000,357000,1610000,3054000,1771000,233000,126374000,126372000
1935,N/A,2719000,1890000,434000,6175000,1078000,1666000,608000,252000,1613000,2955000,N/A,2524000,481000,7797000,3332000,1872000,2748000,2228000,4343000,1729000,836000,4838000,2717000,3798000,2061000,550000,3323000,670000,1375000,481000,4085000,475000,100000,13375000,6787000,2386000,1001000,9774000,678000,1769000,674000,2798000,6123000,526000,2520000,357000,1629000,3070000,1794000,237000,127250000,127251000
1936,N/A,2743000,1892000,443000,6341000,1090000,1672000,629000,253000,1651000,2978000,N/A,2509000,495000,7840000,3348000,1869000,2768000,2246000,4355000,1745000,840000,4889000,2734000,3801000,2072000,554000,3346000,664000,1358000,481000,4084000,489000,101000,13481000,6801000,2365000,1025000,9767000,686000,1781000,666000,2791000,6192000,527000,2552000,357000,1653000,3082000,1808000,240000,128053000,128054000
1937,N/A,2762000,1903000,453000,6528000,1104000,1678000,616000,254000,1709000,3037000,N/A,2498000,507000,7857000,3374000,1856000,2784000,2257000,4358000,1754000,842000,4968000,2746000,3794000,2086000,554000,3385000,655000,1339000,481000,4088000,503000,103000,13511000,6809000,2334000,1048000,9790000,694000,1802000,656000,2795000,6250000,529000,2590000,356000,1681000,3088000,1813000,243000,128825000,128822000
1938,N/A,2787000,1928000,466000,6656000,1112000,1684000,638000,257000,1771000,3091000,N/A,2494000,513000,7866000,3386000,1842000,2800000,2285000,4365000,1766000,843000,5056000,2753000,3781000,2127000,552000,3440000,647000,1326000,485000,4100000,513000,105000,13512000,6837000,2324000,1067000,9952000,694000,1834000,649000,2821000,6301000,535000,2638000,356000,1698000,3098000,1828000,246000,129825000,129825000
1939,N/A,2814000,1948000,484000,6785000,1120000,1696000,658000,263000,1836000,3120000,N/A,2520000,521000,7890000,3403000,1824000,2825000,2334000,4347000,1793000,846000,5156000,2771000,3783000,2168000,555000,3514000,644000,1318000,490000,4129000,523000,107000,13523000,6886000,2333000,1081000,9901000,701000,1872000,645000,2874000,6360000,543000,2670000,358000,1715000,3121000,1868000,248000,130880000,130884000
1940,N/A,2845000,1955000,499000,6950000,1130000,1708000,690000,269000,1915000,3119000,N/A,2537000,522000,7905000,3433000,1788000,2859000,2370000,4318000,1839000,849000,5315000,2790000,3786000,2176000,558000,3574000,640000,1316000,492000,4175000,531000,113000,13456000,6929000,2325000,1086000,9896000,719000,1902000,641000,2935000,6425000,552000,2720000,363000,1740000,3143000,1907000,250000,131954000,131955000
1941,N/A,2902000,1969000,490000,7237000,1124000,1746000,764000,275000,2017000,3179000,N/A,2491000,501000,7995000,3483000,1765000,2824000,2484000,4389000,1913000,852000,5472000,2718000,3811000,2184000,543000,3589000,615000,1272000,490000,4254000,506000,120000,13267000,6958000,2262000,1071000,9911000,731000,1962000,613000,2973000,6585000,551000,2855000,348000,1789000,3140000,1885000,247000,133121000,133122000
1942,N/A,2941000,1977000,524000,7735000,1113000,1792000,851000,279000,2151000,3209000,N/A,2439000,478000,8057000,3507000,1760000,2797000,2546000,4370000,1998000,839000,5549000,2662000,3829000,2210000,518000,3569000,583000,1239000,481000,4297000,502000,137000,13002000,6969000,2215000,1107000,9704000,748000,2007000,589000,2939000,6711000,575000,3038000,343000,1901000,3053000,1831000,251000,133920000,133922000
1943,N/A,2902000,1843000,692000,8506000,1153000,1792000,900000,282000,2451000,3245000,N/A,2334000,500000,7761000,3449000,1796000,2693000,2565000,4257000,2089000,806000,5405000,2577000,3705000,2280000,485000,3654000,546000,1241000,462000,4226000,534000,151000,12807000,6868000,2205000,1221000,9444000,760000,1967000,587000,2972000,7012000,631000,3130000,327000,2027000,3014000,1741000,247000,134245000,134242000
1944,N/A,2802000,1768000,610000,8945000,1137000,1778000,881000,285000,2420000,3176000,N/A,2301000,529000,7719000,3440000,1779000,2631000,2508000,4192000,2118000,801000,5467000,2526000,3560000,2167000,469000,3560000,534000,1216000,456000,4158000,527000,153000,12628000,6918000,2043000,1233000,9214000,795000,1943000,565000,2868000,6876000,605000,3248000,314000,2092000,2980000,1706000,242000,132885000,132883000
1945,N/A,2775000,1762000,594000,9344000,1116000,1769000,876000,286000,2465000,3119000,N/A,2308000,507000,7601000,3427000,1731000,2597000,2429000,4201000,2096000,800000,5475000,2537000,3516000,2090000,477000,3533000,546000,1211000,459000,4108000,537000,149000,12495000,6916000,2028000,1250000,9143000,776000,1934000,579000,2878000,6826000,591000,3193000,315000,2206000,2961000,1708000,239000,132481000,132479000
1946,N/A,2911000,1797000,616000,9559000,1203000,1906000,899000,299000,2440000,3242000,N/A,2467000,509000,8155000,3702000,1805000,2761000,2556000,4494000,2214000,832000,5874000,2734000,3746000,2064000,514000,3706000,570000,1256000,494000,4492000,561000,143000,13398000,7512000,2128000,1338000,9866000,770000,1936000,588000,3074000,7197000,638000,3212000,342000,2288000,3167000,1826000,254000,140054000,140055000
1947,N/A,2942000,1836000,653000,9832000,1237000,1967000,888000,305000,2528000,3272000,N/A,2509000,522000,8341000,3779000,1853000,2803000,2579000,4580000,2248000,854000,6076000,2796000,3845000,2107000,531000,3769000,578000,1265000,507000,4618000,582000,149000,13982000,7705000,2133000,1361000,10196000,776000,1992000,601000,3166000,7388000,636000,3201000,354000,2211000,3250000,1883000,258000,143446000,143444000
1948,N/A,2969000,1825000,690000,10064000,1263000,2014000,840000,312000,2578000,3259000,N/A,2543000,551000,8552000,3877000,1892000,2817000,2596000,4674000,2271000,878000,6213000,2868000,3844000,2076000,542000,3837000,580000,1265000,520000,4774000,604000,156000,14497000,7876000,2089000,1405000,10287000,787000,1996000,612000,3216000,7626000,653000,3207000,359000,2255000,3314000,1899000,269000,146093000,146091000
1949,N/A,3000000,1844000,714000,10337000,1295000,2032000,807000,316000,2668000,3325000,N/A,2578000,570000,8670000,3958000,1925000,2849000,2634000,4741000,2329000,903000,6332000,2935000,3882000,2085000,569000,3911000,597000,1302000,533000,4889000,644000,157000,14892000,7973000,2105000,1431000,10390000,801000,2029000,631000,3236000,7623000,671000,3292000,369000,2294000,3391000,1930000,277000,148665000,148666000
1950,N/A,3062000,1910000,750000,10586000,1325000,2007000,802000,318000,2771000,3445000,N/A,2621000,589000,8712000,3934000,1905000,2945000,2684000,4691000,2343000,914000,6372000,2982000,3955000,2179000,591000,4062000,620000,1326000,533000,4835000,681000,160000,14830000,7947000,2233000,1521000,10498000,792000,2117000,653000,3292000,7711000,689000,3319000,378000,2379000,3435000,2006000,291000,151326000,151330000
1951,N/A,3059000,1901000,785000,11134000,1326000,2028000,808000,331000,2980000,3531000,N/A,2617000,589000,8790000,4096000,1950000,2941000,2769000,4654000,2441000,916000,6497000,3010000,4015000,2163000,596000,4120000,604000,1316000,529000,5006000,717000,168000,14890000,8061000,2210000,1556000,10461000,784000,2167000,655000,3372000,8111000,706000,3434000,378000,2424000,3439000,1984000,291000,153982000,153982000
1952,N/A,3068000,1838000,842000,11635000,1365000,2081000,805000,341000,3157000,3584000,N/A,2626000,587000,8956000,4148000,1977000,2920000,2842000,4650000,2500000,915000,6650000,3030000,3972000,2152000,602000,4109000,608000,1311000,535000,5125000,735000,181000,15192000,8275000,2219000,1582000,10503000,802000,2178000,651000,3352000,8314000,724000,3504000,375000,2448000,3469000,1957000,293000,156393000,156391000
1953,N/A,3053000,1780000,894000,12251000,1431000,2168000,810000,351000,3310000,3558000,N/A,2629000,596000,9065000,4182000,1994000,2903000,2866000,4806000,2567000,913000,6822000,3050000,4020000,2105000,616000,4120000,609000,1318000,547000,5229000,756000,195000,15527000,8591000,2182000,1601000,10662000,815000,2181000,648000,3319000,8336000,739000,3557000,379000,2466000,3506000,1929000,290000,158956000,158957000
1954,N/A,3014000,1734000,933000,12746000,1493000,2249000,791000,368000,3505000,3602000,N/A,2626000,600000,9252000,4264000,2042000,2902000,2883000,4910000,2685000,927000,7066000,3113000,4066000,2064000,624000,4131000,611000,1340000,554000,5360000,763000,213000,15814000,8873000,2209000,1626000,10817000,816000,2176000,655000,3359000,8382000,750000,3555000,377000,2516000,3608000,1905000,293000,161884000,161882000
1955,N/A,3050000,1725000,987000,13133000,1546000,2300000,785000,389000,3747000,3636000,N/A,2679000,618000,9435000,4363000,2093000,2910000,2946000,4882000,2742000,934000,7285000,3172000,4134000,2060000,636000,4242000,615000,1374000,557000,5502000,785000,237000,15966000,9017000,2250000,1659000,10939000,823000,2200000,663000,3415000,8660000,783000,3588000,375000,2604000,3679000,1880000,307000,165069000,165068000
1956,N/A,3071000,1704000,1053000,13713000,1625000,2316000,759000,408000,4047000,3701000,N/A,2703000,628000,9530000,4458000,2119000,2898000,3032000,4891000,2811000,938000,7467000,3240000,4163000,2086000,656000,4309000,613000,1397000,566000,5615000,806000,250000,16112000,9207000,2273000,1698000,10972000,840000,2229000,670000,3415000,8830000,809000,3722000,377000,2668000,3742000,1857000,312000,168088000,168089000
1957,N/A,3109000,1733000,1125000,14264000,1664000,2359000,763000,426000,4372000,3766000,N/A,2716000,642000,9668000,4529000,2128000,2928000,3115000,4929000,2873000,943000,7569000,3274000,4189000,2088000,667000,4368000,612000,1394000,572000,5737000,847000,260000,16374000,9410000,2282000,1712000,10954000,851000,2274000,666000,3434000,9070000,826000,3844000,376000,2724000,3791000,1843000,314000,171187000,171189000
1958,N/A,3163000,1726000,1193000,14880000,1667000,2446000,757000,433000,4630000,3804000,N/A,2708000,646000,9886000,4583000,2142000,2961000,3155000,5010000,2982000,944000,7667000,3313000,4186000,2086000,666000,4376000,606000,1383000,581000,5890000,886000,269000,16601000,9599000,2267000,1718000,11058000,858000,2304000,656000,3471000,9252000,845000,3914000,380000,2773000,3843000,1845000,315000,174149000,174153000
1959,224000,3204000,1756000,1261000,15467000,1710000,2523000,761000,441000,4808000,3868000,622000,2729000,657000,9986000,4613000,2160000,2999000,3208000,5117000,3066000,957000,7767000,3366000,4258000,2138000,669000,4458000,618000,1397000,596000,6015000,919000,279000,16685000,9671000,2289000,1746000,11234000,857000,2348000,667000,3522000,9405000,870000,3951000,387000,2821000,3891000,1855000,320000,177135000,177136000
1960,226000,3267000,1786000,1302000,15717000,1754000,2535000,764000,446000,4952000,3943000,633000,2758000,667000,10081000,4662000,2179000,3038000,3257000,5149000,3101000,969000,7823000,3414000,4320000,2178000,675000,4556000,632000,1411000,607000,6067000,951000,285000,16782000,9706000,2328000,1769000,11319000,859000,2383000,681000,3567000,9580000,891000,3967000,390000,2853000,3952000,1860000,330000,179323000,179322000
1961,238000,3316000,1806000,1407000,16497000,1844000,2586000,778000,461000,5243000,4015000,659000,2756000,684000,10130000,4730000,2215000,3054000,3287000,5219000,3176000,995000,7893000,3470000,4349000,2206000,696000,4663000,641000,1446000,618000,6265000,965000,315000,17061000,9854000,2380000,1787000,11392000,858000,2409000,693000,3622000,9820000,936000,4095000,390000,2882000,4009000,1828000,337000,182973000,182976000
1962,246000,3323000,1853000,1471000,17072000,1899000,2647000,788000,469000,5458000,4086000,684000,2750000,692000,10280000,4736000,2231000,3079000,3345000,5263000,3263000,994000,7933000,3513000,4357000,2243000,698000,4707000,637000,1464000,632000,6376000,979000,352000,17301000,9929000,2427000,1818000,11355000,871000,2423000,705000,3673000,10053000,958000,4180000,393000,2942000,4049000,1809000,333000,185738000,185739000
1963,256000,3358000,1875000,1521000,17668000,1936000,2727000,798000,483000,5628000,4172000,682000,2747000,683000,10402000,4799000,2217000,3096000,3377000,5344000,3386000,993000,8058000,3531000,4392000,2244000,703000,4742000,644000,1476000,649000,6531000,989000,397000,17461000,9986000,2439000,1853000,11424000,876000,2460000,708000,3718000,10159000,974000,4276000,397000,2955000,4112000,1796000,336000,188438000,188434000
1964,263000,3395000,1897000,1556000,18151000,1970000,2798000,798000,497000,5781000,4258000,700000,2746000,680000,10580000,4856000,2209000,3129000,3446000,5448000,3492000,993000,8187000,3558000,4442000,2241000,706000,4802000,649000,1482000,663000,6660000,1006000,426000,17589000,10080000,2446000,1888000,11519000,885000,2475000,701000,3771000,10270000,978000,4357000,399000,2961000,4165000,1797000,339000,191085000,191085000
1965,271000,3443000,1894000,1584000,18585000,1985000,2857000,797000,507000,5954000,4332000,704000,2742000,686000,10693000,4922000,2206000,3140000,3496000,5502000,3600000,997000,8357000,3592000,4467000,2246000,706000,4863000,649000,1471000,676000,6767000,1012000,444000,17734000,10201000,2440000,1937000,11620000,893000,2494000,692000,3798000,10378000,994000,4411000,404000,2967000,4232000,1786000,332000,193460000,193460000
1966,271000,3464000,1899000,1614000,18858000,2007000,2903000,791000,516000,6104000,4379000,710000,2762000,689000,10836000,4999000,2200000,3147000,3550000,5535000,3695000,999000,8512000,3617000,4523000,2245000,707000,4896000,647000,1456000,681000,6851000,1007000,446000,17843000,10330000,2454000,1969000,11664000,899000,2520000,683000,3822000,10492000,1009000,4456000,413000,3057000,4274000,1775000,323000,195501000,195499000
1967,278000,3458000,1901000,1646000,19176000,2053000,2935000,791000,525000,6242000,4408000,723000,2793000,688000,10947000,5053000,2197000,3172000,3581000,5594000,3757000,1004000,8630000,3659000,4539000,2228000,701000,4952000,626000,1457000,697000,6928000,1000000,449000,17935000,10414000,2489000,1979000,11681000,909000,2533000,671000,3859000,10599000,1019000,4508000,423000,3174000,4303000,1769000,322000,197374000,197375000
1968,285000,3446000,1902000,1682000,19394000,2120000,2964000,778000,534000,6433000,4482000,734000,2803000,695000,10995000,5093000,2216000,3195000,3603000,5618000,3815000,994000,8696000,3703000,4568000,2219000,700000,5004000,621000,1467000,709000,7005000,994000,464000,18051000,10516000,2503000,2004000,11741000,922000,2559000,669000,3878000,10819000,1029000,4558000,430000,3270000,4345000,1763000,324000,199312000,199312000
1969,296000,3440000,1913000,1737000,19711000,2166000,3000000,762000,540000,6641000,4551000,750000,2805000,707000,11039000,5143000,2236000,3198000,3619000,5650000,3868000,992000,8781000,3758000,4640000,2220000,694000,5031000,621000,1474000,724000,7095000,1011000,480000,18105000,10563000,2535000,2062000,11741000,932000,2570000,668000,3897000,11045000,1047000,4614000,437000,3343000,4378000,1746000,329000,201306000,201305000
1970,302583,3444354,1923322,1775399,19971069,2209596,3032217,756668,548104,6791418,4587930,769913,2825368,713015,11110285,5195392,2249071,3220711,3644637,5689170,3923897,993722,8881826,3806103,4677623,2216994,694409,5084411,617792,1485333,737681,7171112,1017055,488738,18241391,10657423,2559463,2091533,11800766,949723,2590713,666257,3926018,11198655,1059273,4651448,444732,3413244,4417821,1744237,332416,203302031,203302031
1971,315510,3497076,1972312,1895814,20345939,2303524,3060938,749781,564708,7158304,4711550,801644,2851705,738753,11202397,5253396,2246600,3298053,3710487,5737580,4018324,1015390,8974186,3853486,4725764,2265432,710814,5203531,626760,1504604,761851,7281107,1053737,520018,18357982,10734818,2618601,2151022,11886400,963107,2662269,671297,4013608,11509848,1101192,4750838,454318,3447553,4462155,1770657,340285,206827026,206827025
1972,324464,3539400,2018638,2008291,20585469,2404619,3068699,742241,572913,7511463,4809490,828331,2860287,763237,11251948,5302435,2256375,3335728,3761646,5760302,4073499,1034292,9028944,3869747,4758780,2307117,718732,5301150,631119,1519013,781107,7335042,1078697,546789,18339400,10746993,2658646,2197297,11908233,974790,2719197,677234,4094611,11759148,1135449,4824472,463143,3447885,4502412,1797648,347345,209283905,209283907
1973,330543,3579780,2059256,2124438,20868728,2495868,3067814,731488,577759,7913696,4910374,851595,2863715,782074,11251367,5338277,2265603,3371024,3788375,5781172,4097974,1045655,9077956,3889332,4782645,2349546,726798,5389852,632675,1529567,800951,7333083,1105529,568991,18177063,10767314,2695931,2241932,11890527,975738,2776605,678715,4147401,12019543,1170040,4901292,468430,3478782,4524244,1806360,354061,211357481,211357478
1974,341063,3626499,2101403,2223196,21173865,2541406,3074047,717947,581418,8298762,4999419,867978,2867530,807990,11262145,5361890,2269499,3416315,3820109,5773548,4118815,1059040,9117507,3903925,4795930,2378268,736419,5470911,634559,1539191,815914,7332411,1131309,596822,18049775,10765759,2734768,2285013,11870884,950615,2844749,679585,4213509,12268629,1200471,4971069,473002,3549946,4545782,1815447,365501,213341554,213341554
1975,376170,3678814,2159526,2284847,21537849,2586192,3082500,706871,586589,8518422,5064075,886160,2880847,831982,11291743,5365766,2280578,3467769,3886104,5757756,4139096,1071995,9117668,3932515,4808308,2399449,748208,5547188,638886,1543117,828555,7337765,1159944,619972,18003485,10770425,2774683,2329661,11906095,942788,2902028,681042,4275566,12568843,1236030,5047395,479713,3621339,4578986,1842250,381695,215465255,215465250
1976,400969,3735139,2170161,2346157,21935909,2632306,3083335,692295,590166,8667379,5132812,904191,2903082,856983,11342853,5389088,2301001,3529257,3950605,5743672,4150539,1088412,9129205,3964680,4839029,2429756,757317,5607964,645797,1550911,845248,7339745,1189295,646975,17940541,10752662,2826815,2378262,11897378,946089,2943657,686390,4346928,12904089,1274928,5121863,484928,3693610,4595904,1879503,396952,217562735,217562732
1977,403436,3780403,2209010,2425197,22352396,2696140,3085722,677228,591829,8856183,5219697,918259,2913573,883469,11386316,5425638,2320647,3573693,4014459,5738199,4169595,1103578,9171110,3989364,4863173,2459201,769953,5685607,649769,1556842,869763,7337169,1215720,678333,17812602,10771394,2870014,2446673,11893591,950230,2991681,688480,4422921,13193050,1319512,5193112,491931,3776050,4626514,1908088,413354,219759869,219759868
1978,404766,3831836,2243127,2515316,22835958,2766748,3091627,665052,594776,9102032,5295751,931584,2918069,910690,11412561,5470214,2335657,3609976,4068579,5736469,4183603,1113566,9217761,4015341,4889399,2487816,782317,5759492,651301,1563884,891520,7350804,1238034,719436,17680589,10795581,2917336,2518298,11879396,951816,3044364,688580,4486314,13500429,1367510,5270240,498109,3889073,4646108,1923395,432880,222095080,222095080
1979,402753,3866248,2271333,2635571,23256880,2849234,3095917,650016,594984,9426159,5401384,953306,2915739,932627,11396837,5501174,2350906,3641804,4137665,5738404,4191160,1122563,9266268,4050316,4912430,2507069,787305,5823491,652896,1567344,909074,7366512,1284722,765367,17583838,10798298,2975310,2588012,11887975,950382,3090267,688335,4560473,13888371,1420238,5307945,505372,4017632,4682811,1942146,454378,224567241,224567241
1980,401851,3893888,2286435,2718215,23667902,2889964,3107576,638333,594338,9746324,5463105,964691,2913808,943935,11426518,5490224,2363679,3660777,4205900,5737037,4216975,1124660,9262078,4075970,4916686,2520638,786690,5881766,652717,1569825,920610,7364823,1302894,800493,17558072,10797630,3025290,2633105,11863895,947154,3121820,690768,4591120,14229191,1461037,5346818,511456,4132156,4705767,1949644,469557,226545805,226545805
1981,418491,3918531,2293201,2810107,24285933,2977898,3128836,636893,595975,10192774,5568345,978195,2907983,962204,11443458,5480435,2384849,3670394,4283303,5768685,4261905,1133033,9209287,4111728,4932064,2539036,795328,5956653,659505,1578515,936621,7407472,1332748,847655,17567734,10788330,3096164,2667982,11858567,953013,3179255,689584,4627658,14746318,1515471,5444097,515594,4235731,4726343,1954124,491712,229465714,229465717
1982,449606,3925266,2294257,2889861,24820009,3061564,3139013,634174,599148,10471407,5649792,993780,2888189,973721,11423412,5467922,2401202,3683445,4352608,5771222,4282923,1136684,9115198,4131450,4929451,2556777,803986,6019101,668972,1581780,947719,7430968,1363823,881537,17589738,10757087,3206123,2664922,11845146,954170,3207614,690597,4646041,15331415,1558314,5492783,519109,4276552,4728870,1949604,506400,231664458,231664452
1983,488417,3934102,2305761,2968925,25360026,3133630,3162354,632433,605458,10749851,5728250,1012717,2870543,981869,11408818,5450395,2415531,3694484,4395316,5799407,4313327,1144772,9047754,4141456,4943733,2567717,814031,6077056,676688,1584293,958134,7467785,1394361,901977,17686905,10737632,3290402,2653066,11837723,956382,3234066,693008,4659749,15751676,1594943,5564657,523302,4300266,4721438,1945061,510345,233791994,233791992
1984,513702,3951820,2319768,3067135,25844393,3169992,3180014,633382,611565,11039925,5834954,1027922,2858618,990839,11412132,5458322,2424086,3695453,4400477,5840773,4365243,1155635,9049452,4157706,4975278,2578051,820905,6164006,680497,1588639,976864,7515473,1416717,924922,17745684,10737746,3285533,2666588,11815172,961894,3271868,697249,4686737,16007086,1622342,5643870,526660,4343656,4735563,1927697,504896,235824902,235824901
1985,532495,3972523,2327046,3183538,26441109,3208723,3201131,634549,618280,11351118,5962661,1039698,2829684,994051,11399806,5459211,2427405,3694826,4408118,5880733,4413071,1162936,9076293,4184302,5000268,2588102,822320,6253954,676980,1584664,996753,7565528,1438361,951030,17791672,10734926,3271332,2672652,11770862,968955,3303209,698402,4715296,16272734,1642910,5715153,530035,4400098,4747767,1906831,499695,237923795,237923796
1986,544268,3991569,2331984,3308262,27102237,3237450,3223740,638269,627559,11667505,6084666,1051762,2791970,990224,11387257,5454108,2432619,3687809,4406919,5902678,4486957,1170126,9127775,4205212,5023068,2593597,813739,6321578,669512,1574333,1025053,7622159,1462729,980613,17833419,10730268,3252735,2683528,11782752,977341,3342758,696034,4738708,16561113,1662834,5811700,534066,4452720,4755618,1882350,495633,240132887,240132883
1987,539309,4015264,2342355,3437103,27777158,3260480,3247291,636930,636947,11997283,6208467,1067918,2767011,984997,11391178,5473012,2445367,3683329,4344148,5935204,4565557,1184574,9187481,4235136,5056696,2588545,805063,6403700,661136,1566547,1054289,7670742,1478520,1023376,17868848,10760090,3210122,2700991,11810866,989604,3380506,696036,4782927,16621791,1678119,5932268,540267,4531901,4777919,1857585,476965,242288918,242288918
1988,541983,4023844,2342656,3535183,28464249,3262281,3271953,630432,647622,12306395,6316142,1079828,2768388,985664,11390183,5491735,2461996,3679999,4288863,5979982,4657904,1203840,9217998,4296166,5081736,2580352,800202,6480594,655331,1571477,1082577,7712333,1490337,1075022,17941309,10798552,3167057,2741297,11845752,996408,3412096,698165,4822437,16667022,1689372,6036909,549763,4639893,4822388,1830215,465101,244498982,244498983
1989,547159,4030222,2346358,3622185,29218164,3275818,3283403,624168,658273,12637715,6411099,1094588,2770592,994416,11409782,5523693,2472849,3677306,4252894,6015478,4727301,1219961,9253295,4338057,5095830,2574269,799636,6565459,646351,1574864,1104522,7726089,1503901,1137382,17983086,10829217,3150307,2790575,11865996,1000666,3456775,696701,4854444,16806735,1705864,6120246,557707,4746316,4856574,1806568,458374,246819230,246819230
1990,550043,4040587,2350725,3665228,29760021,3294394,3287116,606900,666168,12937926,6478216,1108229,2776755,1006749,11430602,5544159,2477574,3685296,4219973,6016425,4781468,1227928,9295297,4375099,5117073,2573216,799065,6628637,638800,1578385,1109252,7730188,1515069,1201833,17990455,10847115,3145585,2842321,11881643,1003464,3486703,696004,4877185,16986510,1722850,6187358,562758,4866692,4891769,1793477,453588,248709873,248709873
1991,570193,4099156,2383144,3788576,30470736,3387119,3302895,600870,683080,13369798,6653005,1136754,2797613,1041316,11568964,5616388,2498722,3722328,4253279,6018470,4867641,1237081,9400446,4440859,5170800,2598733,809680,6784280,635753,1595919,1109929,7814676,1555305,1296171,18122510,10945762,3175440,2928507,11982164,1010649,3570404,703669,4966587,17398005,1779780,6301217,568606,5025624,4964343,1798735,459260,252980941,252980941
1992,588736,4154014,2415984,3915740,30974659,3495939,3300712,597565,694925,13650553,6817203,1158613,2818401,1071685,11694184,5674547,2532394,3765469,4293003,6028709,4923368,1238508,9479065,4495572,5217101,2623734,825770,6897214,638223,1611687,1117784,7880508,1595442,1351367,18246653,11029431,3220517,2991755,12049450,1012581,3620464,712801,5049742,17759738,1836799,6414307,572751,5160757,5025398,1806451,466251,256514224,256514224
1993,599432,4214202,2456303,4065440,31274928,3613734,3309175,595301,706378,13927185,6978240,1172838,2836972,1108768,11809579,5739019,2556547,3812206,4316428,6060569,4971889,1242302,9540114,4555954,5271175,2655100,844761,7042818,641216,1625590,1129458,7948915,1636453,1411215,18374954,11101140,3252285,3060367,12119724,1015112,3663314,722159,5137584,18161612,1898404,6509630,577748,5278842,5084889,1817539,473081,259918588,259918588
1994,603308,4260229,2494019,4245089,31484435,3724168,3316121,589239,717545,14239444,7157165,1187536,2850746,1145140,11912585,5793526,2580513,3849088,4347481,6095241,5023060,1242662,9597737,4610355,5324497,2688992,861306,7187398,644804,1639041,1142560,8014306,1682398,1499298,18459470,11152454,3280940,3121264,12166050,1015960,3705397,730790,5231438,18564062,1960446,6593139,583836,5375161,5133678,1820421,480283,263125821,263125821
1995,604412,4296800,2535399,4432499,31696582,3826653,3324144,580517,729734,14537875,7328413,1196854,2867373,1177322,12008437,5851459,2601007,3887427,4378779,6141445,5070033,1243480,9676211,4660180,5378247,2722659,876553,7344674,647832,1656992,1157561,8083242,1720394,1581578,18524104,11202751,3308208,3184369,12198403,1017002,3748582,737925,5326936,18958751,2014177,6670693,589002,5481027,5184836,1823700,485160,266278393,266278393
1996,608569,4331102,2572109,4586940,32018834,3919972,3336685,572377,740977,14853360,7501069,1203755,2880000,1203083,12101997,5906013,2614554,3919535,4398877,6179756,5111986,1249060,9758645,4712827,5431553,2748085,886254,7500670,650382,1673740,1174719,8149596,1752326,1666320,18588460,11242827,3340129,3247111,12220464,1020893,3796200,742213,5416643,19340342,2067976,6750884,593701,5569753,5229986,1822808,488167,269394284,269394284
1997,612968,4367935,2601090,4736990,32486010,4018293,3349348,567736,751487,15186304,7685099,1211640,2891119,1228520,12185715,5955267,2635292,3952747,4421071,6226058,5157328,1254774,9809051,4763390,5481193,2777004,889865,7656825,649716,1686418,1189425,8218808,1774839,1764104,18656546,11277357,3372917,3304310,12227814,1025353,3859696,744223,5499233,19740317,2119784,6829183,597239,5674747,5266213,1819113,489451,272646925,272646925
1998,619932,4404701,2626289,4883342,32987675,4116639,3365352,565230,763335,15486559,7863536,1215233,2902872,1252330,12271847,5998880,2660598,3985390,4440344,6271838,5204464,1259127,9847942,4813412,5521765,2804834,892431,7809121,647532,1695816,1205940,8287418,1793484,1853191,18755906,11311536,3405194,3352449,12245672,1031155,3919235,746058,5570045,20157531,2165960,6900918,600416,5769562,5297672,1815609,490787,275854104,275854104
1999,624779,4430141,2651860,5023823,33499204,4226018,3386401,570213,774990,15759421,8045965,1210300,2917634,1275674,12359020,6044969,2678338,4018053,4460811,6317345,5254509,1266808,9897116,4873481,5561948,2828408,897507,7949361,644259,1704764,1222014,8359592,1808082,1934718,18882725,11335454,3437147,3393941,12263805,1040402,3974682,750412,5638706,20558220,2203482,7000174,604683,5842564,5332666,1811799,491780,279040168,279040168
2000,626932,4447100,2673400,5130632,33871648,4301261,3405565,572059,783600,15982378,8186453,1211537,2926324,1293953,12419293,6080485,2688418,4041769,4468976,6349097,5296486,1274923,9938444,4919479,5595211,2844658,902195,8049313,642200,1711263,1235786,8414350,1819046,1998257,18976457,11353140,3450654,3421399,12281054,1048319,4012012,754844,5689283,20851820,2233169,7078515,608827,5894121,5363675,1808344,493782,281421906,281421906
2001,633714,4467634,2691571,5273477,34479458,4425687,3432835,574504,795699,16356966,8377038,1225948,2931997,1319962,12488445,6127760,2702162,4068132,4477875,6397634,5374691,1285692,9991120,4982796,5641142,2852994,906961,8210122,639062,1719836,1255517,8492671,1831690,2098399,19082838,11387404,3467100,3467937,12298970,1057142,4064995,757972,5750789,21319622,2283715,7198362,612223,5985722,5406835,1801481,494657,284968955,284968955
2002,642337,4480089,2705927,5396255,34871843,4490406,3458749,573158,806169,16689370,8508256,1239613,2934234,1340372,12525556,6155967,2713535,4089875,4497267,6417206,5440389,1295960,10015710,5018935,5674825,2858681,911667,8326201,638168,1728292,1269089,8552643,1855309,2173791,19137800,11407889,3489080,3513424,12331031,1065995,4107795,760020,5795918,21690325,2324815,7286873,615442,6052349,5445162,1805414,500017,287625193,287625193
2003,648414,4503491,2724816,5510364,35253159,4528732,3484336,568502,818003,17004085,8622793,1251154,2941999,1363380,12556006,6196638,2723004,4117170,4521042,6422565,5496269,1306513,10041152,5053572,5709403,2868312,919630,8422501,638817,1738643,1279840,8601402,1877574,2248850,19175939,11434788,3504892,3547376,12374658,1071342,4150297,763729,5847812,22030931,2360137,7366977,617858,6104115,5479203,1812295,503453,290107933,290107933
2004,659286,4530729,2749686,5652404,35574576,4575013,3496094,567754,830803,17415318,8769252,1273569,2953635,1391802,12589773,6233007,2734373,4146101,4552238,6412281,5546935,1313688,10055315,5087713,5747741,2889010,930009,8553152,644705,1749370,1290121,8634561,1903808,2346222,19171567,11452251,3525233,3569463,12410722,1074579,4210921,770396,5910809,22394023,2401580,7475575,619920,6178645,5514026,1816438,509106,292805298,292805298
2005,666946,4569805,2781097,5839077,35827943,4631888,3506956,567136,845150,17842038,8925922,1292729,2964454,1428241,12609903,6278616,2745299,4182742,4576628,6403290,5592379,1318787,10051137,5119598,5790300,2905943,940102,8705407,646089,1761497,1298492,8651974,1932274,2432143,19132610,11463320,3548597,3613202,12449990,1067916,4270150,775493,5991057,22778123,2457719,7577105,621215,6257305,5546166,1820492,514157,295516599,295516599
2006,675302,4628981,2821761,6029141,36021202,4720423,3517460,570681,859268,18166990,9155813,1309731,2982644,1468669,12643955,6332669,2762931,4219239,4302665,6410084,5627367,1323619,10036081,5163555,5842704,2904978,952692,8917270,649422,1772693,1308389,8661679,1962137,2522658,19104631,11481213,3594090,3670883,12510809,1063096,4357847,783033,6088766,23359580,2525507,7673725,622892,6370753,5577655,1827912,522667,298379912,298379912
2007,680300,4672840,2848650,6167681,36250311,4803868,3527270,574404,871749,18367842,9349988,1315675,2999212,1505105,12695866,6379599,2783785,4256672,4375581,6431559,5653408,1327040,10001284,5207203,5887612,2928350,964706,9118037,652822,1783440,1312540,8677885,1990070,2601072,19132335,11500468,3634349,3722417,12563937,1057315,4444110,791623,6175727,23831983,2597746,7751000,623481,6461587,5610775,1834052,534876,301231207,301231207
2008,687455,4718206,2874554,6280362,36604337,4889730,3545579,580236,883874,18527305,9504843,1332213,3016734,1534320,12747038,6424806,2808076,4289878,4435586,6468967,5684965,1330509,9946889,5247018,5923916,2947806,976415,9309449,657569,1796378,1315906,8711090,2010662,2653630,19212436,11515391,3668976,3768748,12612285,1055003,4528996,799124,6247411,24309039,2663029,7833496,624151,6562231,5640996,1840310,546043,304093966,304093966
2009,698895,4757938,2896843,6343154,36961229,4972195,3561807,592228,891730,18652644,9620846,1346717,3032870,1554439,12796778,6459325,2832704,4317074,4491648,6517613,5730388,1329590,9901591,5281203,5961088,2958774,983982,9449566,664968,1812683,1316102,8755602,2036802,2684665,19307066,11528896,3717572,3808600,12666858,1053646,4589872,807067,6306019,24801761,2723421,7925937,624817,6667426,5669264,1847775,559851,306771529,306771529
2010,710231,4779736,2915918,6392017,37253956,5029196,3574097,601723,897934,18801310,9687653,1360301,3046355,1567582,12830632,6483802,2853118,4339367,4533372,6547629,5773552,1328361,9883640,5303925,5988927,2967297,989415,9535483,672591,1826341,1316470,8791894,2059179,2700551,19378102,11536504,3751351,3831074,12702379,1052567,4625364,814180,6346105,25145561,2763885,8001024,625741,6724540,5686986,1852994,563626,308745538,308745538
2011,722259,4798649,2938640,6465488,37672654,5116411,3591927,620336,907884,19097369,9810595,1378323,3063690,1583180,12862298,6515358,2868756,4368505,4574388,6612178,5843115,1327968,9876199,5345967,6010280,2977452,996866,9662940,684830,1841641,1318345,8844694,2077744,2718170,19526372,11543332,3785232,3865845,12742811,1052154,4672744,823338,6396281,25644424,2815430,8107548,626210,6819155,5705812,1854891,567602,311644280,311644280
2012,730825,4813946,2949208,6544211,38019006,5186330,3597705,635630,916868,19341327,9911171,1392772,3074386,1594673,12878494,6535665,2885316,4383673,4602681,6659627,5891680,1328101,9886610,5377695,6023267,2982963,1003522,9755299,701380,1854862,1320923,8882095,2083590,2752410,19625409,11546969,3815298,3893920,12768034,1052761,4719009,832576,6450632,26078327,2854222,8188656,625606,6890899,5721075,1855360,576608,313993272,313993272
2013,736760,4827660,2956780,6616124,38347383,5262556,3602470,650114,925114,19584927,9981773,1408038,3089876,1610187,12890403,6567484,2892900,4399121,4626795,6711138,5932654,1327975,9899219,5416074,6041142,2987721,1011921,9849812,722908,1867414,1322622,8913735,2085161,2786547,19712514,11567845,3849840,3919664,12778450,1052784,4765862,842513,6490795,26479279,2899961,8261689,626044,6963410,5736673,1852333,582341,316234505,316234505
2014,736759,4840037,2964800,6706435,38701278,5342311,3600188,660797,934805,19897747,10083850,1417710,3105563,1630391,12882438,6593182,2899553,4410415,4648797,6757925,5970245,1328903,9914675,5452649,6058014,2988578,1019931,9941160,738658,1880920,1328684,8943010,2083207,2831730,19773580,11593741,3875008,3960673,12790341,1054782,4824758,849455,6540007,26954436,2938671,8316902,625665,7046931,5751272,1847624,583334,318622525,318622525
2015,737979,4850858,2975626,6802262,39032444,5440445,3593862,672736,944107,20268567,10199533,1426320,3118473,1649324,12862051,6610596,2905789,4422057,4671211,6794002,6000561,1327787,9918170,5483238,6072640,2985297,1028317,10041769,754859,1893564,1330134,8960001,2082264,2883057,19819347,11606027,3904353,4016537,12791124,1055916,4892423,854036,6590726,27454880,2984917,8366767,624455,7152818,5759744,1839767,586102,321039839,321039839
2016,741522,4860545,2988231,6908642,39296476,5530105,3587685,684336,952698,20656589,10313620,1428683,3130869,1680026,12835726,6634007,2907731,4436113,4686157,6823721,6024752,1330232,9933445,5525050,6091176,2985415,1038656,10156689,755548,1907603,1335015,8978416,2085432,2939254,19836286,11622554,3921207,4085989,12787085,1057566,4959822,861542,6649404,27904862,3044321,8414380,623354,7280934,5772917,1828637,584910,323405935,323405935
2017,739795,4874747,3004279,7016270,39536653,5607154,3588184,693972,961939,20984400,10429379,1427538,3145711,1716943,12802023,6666818,2913123,4454189,4684333,6859819,6052177,1335907,9962311,5576606,6113532,2984100,1050493,10273419,755393,1920076,1342795,9005644,2088070,2998039,19849399,11658609,3930864,4142776,12805537,1059639,5024369,869666,6715984,28304596,3101833,8470020,623657,7405743,5795483,1815857,579315,325719178,325719178
