par_pctile,count_pooled,count_aian_pooled,count_asian_pooled,count_black_pooled,count_hisp_pooled,count_white_pooled,density_aian_pooled,density_asian_pooled,density_black_pooled,density_hisp_pooled,density_white_pooled,kfr_aian_pooled,kfr_asian_pooled,kfr_black_female,kfr_black_male,kfr_black_pooled,kfr_hisp_pooled,kfr_nativemom_aian_pooled,kfr_nativemom_asian_pooled,kfr_nativemom_black_pooled,kfr_nativemom_hisp_pooled,kfr_nativemom_white_pooled,kfr_pooled,kfr_white_female,kfr_white_male,kfr_white_pooled,kid_college_black_female,kid_college_black_male,kid_college_white_female,kid_college_white_male,kid_hours_black_female,kid_hours_black_male,kid_hours_white_female,kid_hours_white_male,kid_jail_black_female,kid_jail_black_male,kid_jail_white_female,kid_jail_white_male,kid_married_black_pooled,kid_married_white_pooled,kid_no_hs_black_female,kid_no_hs_black_male,kid_no_hs_white_female,kid_no_hs_white_male,kid_pos_hours_black_female,kid_pos_hours_black_male,kid_pos_hours_white_female,kid_pos_hours_white_male,kid_wage_rank_black_female,kid_wage_rank_black_male,kid_wage_rank_white_female,kid_wage_rank_white_male,kir_black_female,kir_black_male,kir_black_pooled,kir_white_female,kir_white_male,kir_white_pooled,kir_1par_black_male,kir_1par_white_male,kir_2par_black_male,kir_2par_white_male,kir_par_nohome_black_male,kir_par_nohome_white_male,spouse_rank_black_female,spouse_rank_black_male,spouse_rank_white_female,spouse_rank_white_male
1,213100,3300,9100,59500,34900,69000,1.996,1.328,2.161,1.335,.5115,23.8,51.71,27.81,22.55,25.2,35.02,24.42,47,25.1,32.57,34.86,32.43,36.4,33.93,35.13,37.31,24.2,42.79,30.1,21.6,17.01,21.57,27.55,1.357,21.21,1.083,6.462,9.26,35.47,32.5,41.71,26.56,33.37,68.98,53.84,68.01000000000001,75.05,31.16,34.18,35.59,41.75,33.84,29.45,31.66,32.75,38.73,35.84,29.18,37.54,32.97,41.18,29.42,36.76,34.37,27.42,47.18,37.86
2,213100,3000,8900,55500,39900,69000,1.814,1.3,2.016,1.527,.5115,25.51,52.45,28.57,23.35,25.97,36.14,25.47,41.62,25.23,34.06,36.68,33.88,38.04,35.61,36.79,40.56,24.67,44.65,32.93,22.05,18.38,21.5,29.4,1.215,19.61,1.049,5.897,9.773999999999999,36.97,30.25,41.83,26.06,32.15,69.68000000000001,55.57,67.72,77.29000000000001,31.82,35.25,37.09,41.57,34.69,30.66,32.7,34.02,40.65,37.44,30.25,39.61,35.02,42.54,29.32,39.03,34.87,27.35,48.29,38.36
3,213100,2900,8900,54000,40400,72000,1.755,1.3,1.961,1.546,.5338000000000001,26.19,52.24,29.31,24.18,26.8,37.02,25.51,41.84,26.46,34.34,37.44,34.7,38.53,36.36,37.4,41.89,25.5,45.87,34.78,22.25,18.1,22.7,29.25,1.106,17.79,.9658,5.956,10.32,37.81,28.05,39.93,23.89,29.9,70.11,54.33,72.01000000000001,78.68000000000001,32.61,35.91,36.11,40.25,35.61,31.7,33.69,34.27,41.39,37.93,31.23,40.27,35.7,43.2,31.26,39.04,35.11,27.56,48.7,38.79
4,213100,2800,8900,53000,41900,73500,1.694,1.3,1.925,1.603,.545,26.71,52.43,29.76,24.69,27.27,37.44,28.27,45.73,26.97,35.46,38.2,35.31,39.2,37.06,38.09,42.15,28.02,46.34,34.47,23.14,19.2,22.25,29.82,.9857,17.71,.9214,5.563,10.45,38.31,27.93,39.12,23.46,30.31,72.26000000000001,58.52,69.56,78.70999999999999,33.9,34.55,36.4,41.36,36.11,32.36,34.27,35,42.2,38.72,32.02,41.34,35,43.47,32.16,40.97,35.19,27.59,48.94,39.27
5,213100,2900,8900,52000,42400,75000,1.755,1.3,1.889,1.623,.5561,27.22,53.29,30.19,25.29,27.78,37.81,27.52,42.22,27.59,35.61,38.67,35.84,39.71,37.4,38.53,42.89,27.68,46.19,32.95,23.52,18.73,22.68,31.11,1.118,16.52,.895,5.452,10.81,38.97,27.53,38.38,23.11,29.61,73.61,55.65,70.44,81.94,33.54,38.81,36.85,40.75,36.63,33.02,34.86,35.36,42.38,38.97,32.63,41.52,36,43.56,32.38,40.56,35.14,28,49.54,39.5
6,213100,2900,8900,51500,43400,75000,1.755,1.3,1.871,1.661,.5561,27.23,53.02,30.31,25.69,28.06,38.36,28.45,45.34,27.78,36.4,38.9,36.23,39.85,37.97,38.88,42.75,27.98,47.79,34.52,23.6,19.63,22.64,31.12,.9488,16.52,.8586,5.089,10.98,39.44,26.87,39.38,22.65,28.61,73.75,59.54,70.7,81.40000000000001,33.47,34.59,35.96,41.34,36.55,33.56,35.11,35.52,43.01,39.35,33.15,42.15,36.46,44.16,32.63,41.09,35.56,27.93,49.53,39.85
7,213100,2700,8800,50500,44400,76500,1.634,1.286,1.834,1.699,.5672,28.4,53.7,30.64,26.01,28.39,38.56,28.93,47.29,28.18,36.05,39.5,36.77,40.59,38.54,39.54,42.66,28.73,48.4,35.34,23.27,20.51,22.68,31.12,.9248,15.98,.7544,4.753,11.26,39.98,26.47,37.49,22.25,28.5,73.95,61.12,70.36,80.73,33.88,35.59,35.96,42.4,37,33.81,35.45,35.9,43.61,39.84,33.4,42.75,36.47,44.72,33.72,41.8,35.72,28.32,50.09,40.06
8,213100,2700,8600,51000,44400,76500,1.634,1.255,1.853,1.699,.5672,28.73,53.59,30.87,26.49,28.77,38.88,28.93,46.99,28.45,36.34,39.59,36.91,40.56,38.68,39.61,45.22,29.11,48.36,36.11,23.23,20.69,22.65,31.26,.8373,15.3,.7594,4.799,11.38,40.15,25.4,38.03,21.76,28.34,72.52,61.77,71.23,81.11,33.51,36.23,36.5,42.7,37.29,34.43,35.93,36.06,43.75,39.98,33.92,42.97,37.58,44.74,33.29,42.09,35.75,28.29,50.12,40.22
9,213100,2700,8300,50500,44400,78000,1.634,1.212,1.834,1.699,.5782000000000001,28.89,53.6,31.34,26.59,29.04,39.34,29.18,43.2,28.82,36.77,40.5,37.35,40.93,39.31,40.11,45.63,27.8,48.58,36.04,24.45,21.26,22.8,32.04,.865,15.22,.6911000000000001,4.561,11.75,41.03,24.45,38.09,21.23,27.57,75.09,63,70.38,82.58,34.86,35.7,36.73,42.07,37.72,34.68,36.25,36.15,44.31,40.29,34.22,43.11,37.4,45.72,33.84,43.06,36.05,28.3,50.52,40.72
10,213100,2600,8100,51000,44900,78500,1.572,1.182,1.853,1.717,.582,29.13,53.2,31.47,27.01,29.32,39.44,28.05,44.83,29.26,36.95,40.9,37.64,41.68,39.71,40.68,46.73,29.56,50.21,35.96,24.97,21.73,23.23,31.38,.7294000000000001,14.8,.6725,4.505,11.67,41.68,23.55,35.64,19.94,27.61,75.04000000000001,64.3,72.33,81.78,33.97,36.06,37.75,41.61,37.97,35.22,36.65,36.72,44.63,40.75,34.72,43.63,38.11,45.78,34.95,43.15,36.02,28.43,51.07,41.09
11,213100,2600,7900,51000,44900,79000,1.572,1.154,1.853,1.717,.5857,29.14,54.39,31.66,27.32,29.59,39.79,29.29,48.44,29.38,38.06,41.12,37.93,42.04,39.74,40.86,45.93,30.63,51.09,36.32,24.47,21.86,23.98,32.15,.7276,13.9,.6504,4.452,12.02,41.29,24.76,35.5,20.81,27.09,74.11,63.97,73.31,83.79000000000001,35.27,36.34,38.34,42.52,38.26,35.5,36.93,37.09,44.75,41.02,35.18,43.92,37.26,45.66,35.19,42.93,36.11,28.68,50.98,40.9
12,213100,2500,7700,51000,44900,80000,1.513,1.125,1.853,1.717,.5932,30.38,53.75,31.93,27.57,29.83,40,30.15,46.79,29.54,37.85,41.3,38.17,42.18,40.15,41.15,46.81,29.07,51.4,37.34,24.88,20.68,23.68,32.06,.7483,14.09,.654,4.332,12.09,41.7,22.73,34.73,19.76,26.12,76.55,61,72.31,83.40000000000001,35,35.15,38.02,42.43,38.27,35.9,37.13,37.13,45.1,41.15,35.52,44.38,37.99,45.87,35.91,43.45,36.41,28.59,51.21,41.3
13,213100,2600,7500,51500,44900,80500,1.572,1.095,1.871,1.717,.5968,29.72,55.02,32.11,28.09,30.15,40.29,30.17,49.79,29.81,39.17,41.93,38.54,42.72,40.53,41.62,49.23,30.88,51.84,37.44,24.88,21.43,24.34,32.63,.6618000000000001,13.56,.6856,4.084,12.42,42.27,22.07,34.93,19.61,25.38,75.7,61.35,73.7,83.25,34.73,34.7,38.47,43.06,38.76,36.43,37.63,37.47,45.49,41.51,35.97,44.86,38.82,46.17,35.31,43.92,36.02,28.95,51.71,41.47
14,213100,2400,7400,51500,44400,81500,1.452,1.08,1.871,1.699,.6043,30.71,55.15,32.36,27.93,30.26,40.65,30.59,48.86,29.79,38.43,42.56,38.85,43.11,41.04,42.06,48.32,31.35,51.66,37.95,24.81,21.22,24.18,33.2,.6585,13.42,.5588,3.854,12.63,42.7,22.23,35.34,18.68,25.26,75.83,62.35,73.7,84.52,35.93,37.2,38.23,43.38,38.86,36.2,37.59,37.72,46.05,41.95,35.67,45.18,39.18,46.93,36,44.2,36.34,28.88,52.06,41.68
15,213100,2400,7400,51000,44400,82500,1.452,1.08,1.853,1.699,.6116,29.94,55.01,32.65,28.29,30.56,40.77,30.22,43.95,30.39,38.65,42.79,39.11,43.3,41.27,42.29,46.95,30.29,52.61,38.54,26.43,21.92,24.76,33.51,.629,13.31,.5591,3.878,12.64,42.86,21.78,34.4,18.27,24.51,78.34,63.84,74.84999999999999,85.2,34.97,36.68,37.95,43.72,39.23,36.59,37.97,37.9,46.2,42.09,36.15,45.49,38.91,46.91,36.23,45.55,36.4,29.04,52.09,42
16,213100,2400,7600,51000,44400,83500,1.452,1.11,1.853,1.699,.619,31.03,55.36,32.89,28.32,30.7,41.04,30.62,47.31,30.29,39.38,43.5,39.44,43.61,41.83,42.7,48.84,31.93,52.79,38.81,25.4,22.95,23.97,33.2,.7395000000000001,12.73,.6015,3.705,12.61,43.4,21.86,33.72,18.32,23.97,77.22,67.06,73.90000000000001,83.99,35.64,36.68,38.22,43.25,39.38,36.72,38.11,38.14,46.81,42.56,36.23,46.06,39.15,47.52,35.64,45.04,36.54,28.97,52.39,42.2
17,213100,2400,7100,51000,43900,84500,1.452,1.037,1.853,1.679,.6265,30.92,55.6,33.01,28.77,30.97,41.33,29.48,49.84,31.1,38.99,43.48,39.65,43.84,41.98,42.9,50.15,32.38,53.77,39.56,26.49,22.42,24.72,33.1,.6067,12.76,.6172,3.723,12.76,43.72,21.3,32.88,17.57,24.42,78.61,65.2,75.65000000000001,83.78,36.99,36.95,38.06,43.4,39.54,37.35,38.49,38.29,46.84,42.59,36.85,45.77,39.85,47.81,36.93,45.04,36.64,29.07,52.59,42.38
18,213100,2400,7100,50500,43900,86500,1.452,1.037,1.834,1.679,.6413,31.56,55.5,33.28,28.89,31.16,41.51,32.09,47.99,30.88,39.68,43.97,39.94,44.25,42.21,43.22,51.86,32.78,54.56,39.2,26.15,23.57,24.7,33.13,.6381,12.72,.5591,3.507,12.95,44.2,21.37,32.31,17.55,23.91,77.26000000000001,67.41,75.26000000000001,84.2,36.79,36.37,39.43,45.25,39.81,37.4,38.65,38.5,47.06,42.86,36.95,46.58,39.54,47.5,36.84,45.7,36.7,29.3,52.95,42.68
19,213100,2400,7100,50000,43400,87500,1.452,1.037,1.816,1.661,.6488,31.54,56.1,33.25,29.21,31.31,41.7,33.09,47.82,31.25,40.33,44.42,40.27,44.72,42.61,43.65,52.27,31.7,55.07,39.93,25.68,23.05,25.29,33.22,.7773,12,.5297,3.464,13.13,44.43,19.63,32.45,16.61,24.05,77.34,66.56,76.09,85.02,36.31,36.67,39.12,44.11,39.77,37.77,38.81,38.79,47.56,43.25,37.26,47,40.15,48.06,37.09,46.09,36.84,29.36,53.34,42.7
20,213100,2500,6900,49500,43400,88500,1.513,1.008,1.799,1.661,.6561,32.95,56.02,33.47,29.31,31.46,41.84,34.49,50.53,31.32,39.41,44.56,40.5,44.87,42.95,43.88,51.83,32.59,55.36,41.03,26.01,22.59,24.86,33.69,.6469,11.4,.5393,3.259,12.97,44.7,20.71,31.43,17.12,23.7,78.36,64.33,75.91,85.94,37.04,36.47,39.25,44.48,40.12,37.97,39.09,39.04,47.79,43.5,37.45,47.14,40.38,48.32,36.88,45.93,36.64,29.36,53.33,43.13
21,213100,2400,7000,49000,42400,90500,1.452,1.023,1.781,1.623,.671,31.94,56.42,33.88,29.6,31.82,42.11,32.2,49.13,31.79,41.02,44.95,40.79,45.02,43.09,44.04,51.71,32.98,55.01,40.63,26.17,24.32,25.2,33.57,.6514,11.57,.4968,3.358,13.48,44.87,19.98,33.5,16.05,23.36,78.11,70.26000000000001,76.52,86.3,35.27,37.99,39.82,44.22,40.45,38.06,39.31,39.13,47.95,43.61,37.59,47,40.21,48.77,37.45,46.63,37.05,29.44,53.4,43.11
22,213100,2400,6900,48000,41900,92000,1.452,1.008,1.744,1.603,.6820000000000001,32.27,56.11,34.28,29.78,32.13,42.3,32.34,49.65,32.61,40.33,45.19,41.12,45.31,43.47,44.38,54.4,34.1,55.56,41.71,26.76,23.59,25.22,34.13,.5759,11.72,.4717,3.057,13.38,44.99,20.46,31.07,16.46,22.27,77.22,67.63,76.52,86.26000000000001,36.41,37.5,38.53,44.5,41.06,38.29,39.74,39.43,48.4,43.95,37.77,47.82,40.61,48.86,37.54,47.14,36.99,29.52,53.51,43.2
23,213100,2400,7000,47500,41900,93000,1.452,1.023,1.726,1.603,.6895,32.52,56.61,34.43,30.07,32.33,42.66,31.66,48.04,32.56,40.7,45.79,41.48,45.75,43.66,44.69,53.86,35.31,56.65,42.54,25.92,23.21,25.57,34.4,.6131,11.38,.495,3.156,13.44,45.54,20.06,31.93,16.09,21.72,77.18000000000001,66.8,76.84999999999999,86.77,38.72,37.49,40,43.63,41.29,38.75,40.06,39.71,48.52,44.2,38.18,47.9,41.07,49,38.79,47.45,36.95,29.56,53.75,43.42
24,213100,2400,7000,47000,41400,95000,1.452,1.023,1.707,1.583,.7044,32.86,56.61,34.45,30.03,32.29,42.93,33.24,49.41,31.96,41.18,45.82,41.8,46.19,44.15,45.15,54.18,35.46,56.61,41.77,26.65,22.46,25.13,34.4,.5586,11.11,.391,3.025,14,45.88,19.01,31.34,15.6,21.42,76.88,66.94,75.97,87.27,37.97,38.81,38.43,45.18,41.12,38.49,39.82,40,48.95,44.51,37.79,48.25,41.24,49.47,38.02,47.77,37.04,29.88,54.22,43.74
25,213100,2300,6900,46000,40400,97000,1.391,1.008,1.672,1.546,.7191,33.25,56.46,34.72,30.42,32.61,43.36,34,50,32.59,41.75,46.25,42.06,46.43,43.98,45.19,54.5,35.59,56.9,43.02,25.87,23.52,25.73,34.52,.5293,11.04,.3783,2.81,14.09,46.14,19.11,30.89,16.12,20.78,77.27,66.93000000000001,77.38,86.73,36.41,37.72,39.75,44.09,41.31,39.06,40.21,39.94,48.81,44.43,38.52,48.26,41.27,49.2,38.63,46.77,37.45,29.75,54.59,43.7
26,213100,2300,6900,45000,39900,98500,1.391,1.008,1.634,1.527,.7303,33.84,57.32,34.87,30.94,32.95,43.29,34.33,52.21,33,42,46.64,42.48,46.81,44.63,45.69,55.84,37.7,58.55,44.04,26.62,24.82,25.78,34.97,.5412,11.01,.4069,2.858,14.35,46.5,17.95,29.75,14.47,21.42,80.36,69.15000000000001,76.19,87.3,38.4,39.12,40.81,45.46,41.61,39.56,40.62,40.34,49.31,44.9,39.06,48.9,41.5,49.61,38.44,48.4,37.17,30.19,54.56,44.2
27,213100,2400,6900,45000,39400,100000,1.452,1.008,1.634,1.508,.7414,33.88,57.34,35.14,30.93,33.09,43.43,34.9,50.24,33.65,42.75,47.05,42.79,47.18,45.11,46.13,54.42,37.09,58.68,43.78,26.75,23.32,25.31,35.63,.5224,11.12,.4139,2.815,14.22,46.84,19.61,28.9,14.27,21.09,77.67,67.72,76.67,88.63,39.11,39.4,39.56,45.37,41.97,39.53,40.77,40.59,49.88,45.33,39.06,49.22,41.29,50.32,39.65,48.09,37.25,30.19,54.93,44.37
28,213100,2200,6800,43500,38900,102000,1.331,.9933,1.58,1.489,.7563,34.04,56.81,35.54,31.25,33.47,43.89,34.36,47.88,33.81,43.15,47.29,43.11,47.27,45.25,46.25,55.93,36,58.22,44.25,27.03,23.66,25.92,35.02,.4804,10.61,.477,2.639,14.63,47.15,17.68,29.78,14.27,19.67,80.06,67.45,76.61,87.93000000000001,39.68,38.7,40.94,45.04,42.3,39.81,41.11,40.65,49.97,45.4,39.22,49.41,41.84,50.35,39.63,47.64,37.38,30.42,55.06,44.51
29,213100,2300,6600,43000,37900,104500,1.391,.9642,1.562,1.45,.7748,33.69,57.09,35.67,31.23,33.51,43.93,34.4,50,33.59,42.93,47.58,43.4,47.81,45.6,46.68,56.02,38.29,59.38,45.29,26.38,23.81,26.01,35.22,.4523,10.34,.3849,2.611,14.77,47.58,17.86,28.42,14.25,20.31,78.58,67.98,77.7,88.23,38.5,39.45,40.63,45.46,42.31,39.79,41.09,41.03,50.21,45.69,39.18,49.59,41.77,50.62,40.06,48.29,37.55,30.52,55.54,44.72
30,213100,2300,6600,42000,37900,106000,1.391,.9642,1.526,1.45,.7858000000000001,34.24,57.34,36.09,31.84,34.02,44.43,34.61,52.25,33.96,42.97,48.05,43.84,47.95,46,46.96,56.78,38.41,59.02,45.06,27.48,25.04,26.4,35.54,.62,9.964,.3984,2.615,15.14,47.68,17.51,27.64,14.21,20.15,79.48,70.36,78.01000000000001,88.45,40.27,41,40.53,46.1,42.59,40.44,41.54,41.18,50.68,46.02,39.76,50.15,42.61,51,39.97,48.94,37.7,30.57,55.57,44.81
31,213100,2100,6700,40500,36900,108000,1.271,.9787,1.472,1.412,.8008,33.78,56.75,36.36,31.85,34.19,44.31,34.52,52.39,34.02,43.38,48.45,44.1,48.22,46.28,47.23,57.77,39.74,59.76,45.73,27.53,24.79,26.01,35.72,.4912,9.802,.3271,2.542,15.19,48,16.95,27.56,13.38,19.56,80.95,71.69,76.56,89.18000000000001,39.98,40.57,41.48,46.55,43.07,40.4,41.79,41.27,51.04,46.25,39.71,50.62,42.54,51.31,39.74,49.26,37.7,30.85,55.75,44.97
32,213100,2200,6400,39500,35900,110500,1.331,.9350000000000001,1.434,1.374,.8192,34.63,57.61,36.5,32.52,34.54,44.51,35.73,51.27,34.93,43.16,48.7,44.56,48.72,46.58,47.63,55.99,41.09,61.61,46.31,27.27,24.57,26.01,35.52,.4771,9.397,.368,2.381,15.39,48.5,18.22,26.72,12.72,18.63,79.36,68.31,78.18000000000001,88.23,39.67,39.54,41.21,46.05,43.25,41,42.15,41.52,51.18,46.43,40.38,50.34,42.9,51.7,41.39,48.95,37.81,31.11,56.13,45.34
33,213100,2200,6700,39000,35400,112000,1.331,.9787,1.417,1.355,.8303,35.11,57.52,36.61,32.88,34.79,44.72,36.08,54.38,35.01,43.65,48.97,44.72,48.54,46.73,47.63,57.28,40.18,60.43,46.73,27.55,26.71,25.97,35.86,.6165000000000001,9.281000000000001,.3817,2.403,15.49,48.36,16.96,25.56,13.4,18.86,80.2,72.62000000000001,77.94,89.18000000000001,40.84,41.72,41.43,46.64,43.4,41.56,42.51,41.59,51.5,46.59,40.93,51.13,43.36,51.7,40.57,49.5,37.59,30.94,55.9,45.25
34,213100,2200,6400,38000,34900,114000,1.331,.9350000000000001,1.381,1.335,.8453000000000001,35.46,57.15,37.13,32.72,34.99,45.07,35.97,51.36,35.2,43.22,48.91,45.09,49.04,47.04,48.02,59.26,41.75,61.15,47.14,27.1,25.48,26.59,35.86,.4609,9.380000000000001,.3461,2.216,16.01,48.79,16.43,26.65,13.09,17.79,78.31,71.51000000000001,78.93000000000001,89.23,40.18,41.59,41.77,47.02,43.89,41.27,42.61,41.93,51.63,46.87,40.68,51,42.86,51.97,40.92,49.44,38.04,31.16,56.31,45.55
35,213100,2100,6400,37000,33900,116500,1.271,.9350000000000001,1.343,1.297,.8637,35.25,57.96,37.47,32.88,35.23,45.22,36.9,50.72,35.37,44.48,49.47,45.46,49.5,47.22,48.34,60.84,41.34,61.12,47.2,27.17,24.72,26.12,35.75,.5167000000000001,9.047000000000001,.324,2.298,16.3,49.29,14.51,26.19,13,18.36,79.65000000000001,68.18000000000001,77.37000000000001,88.98,40.08,41.06,42.25,46.73,44.02,41.5,42.79,42.27,51.8,47.14,40.8,51.2,43.27,52.11,40.89,50.18,38.32,31.16,56.58,45.7
36,213100,2200,6400,35500,33400,119000,1.331,.9350000000000001,1.29,1.279,.8823,35.34,57.73,37.64,33.1,35.4,45.55,35.29,48.02,35.05,44.69,49.65,45.81,49.63,47.63,48.61,60.5,42.1,62.28,47.93,28.03,25.32,26.62,35.7,.3968,9.02,.2945,2.17,16.39,49.67,14.9,25.6,12.33,18.18,82.43000000000001,70.13,79.5,88.72,40.71,41.89,41.68,46.59,44.22,41.54,42.9,42.25,52.09,47.26,40.47,51.47,44.2,52.4,40.59,50.93,38.26,31.56,56.84,46.11
37,213100,2100,6300,34500,32900,120500,1.271,.9204,1.253,1.259,.8934,36.45,58.29,37.52,33.7,35.64,45.66,37.23,52.86,36.05,44.27,50.11,46.2,50.06,47.99,49,60.73,41.83,62.38,48.43,27.57,24.54,26.55,36.41,.5188,8.881,.3134,2.055,16.39,49.68,16.37,25.53,12.31,17.7,79.8,71.22,79.19,89.8,40.38,41.33,42.42,46.86,44.13,42.33,43.25,42.61,52.54,47.72,41.4,51.86,44.51,52.86,41.43,50.58,38.11,31.57,57.04,46.04
38,213100,1900,6300,33500,32500,123000,1.18,.9204,1.217,1.24,.9119,37.79,57.79,38.32,33.75,36.06,45.87,38.59,51.92,36.5,44.43,50.18,46.56,50.41,48.11,49.25,61.07,43.22,61.74,48.93,27.89,25.13,26.44,35.86,.428,8.842000000000001,.2836,2.026,16.77,50.15,13.96,24.85,12.31,17,82.97,71.56,79.01000000000001,89.08,41.45,42.54,42.02,47.61,44.69,42.2,43.45,42.86,52.59,47.79,41.33,51.89,44.13,52.92,41.86,51.11,38.72,31.79,57.22,46.29
39,213100,1900,6300,32500,31500,124500,1.18,.9204,1.18,1.202,.923,37.54,58.55,38.44,33.68,36.09,45.81,38.75,56.31,36.18,44.77,50.58,46.84,50.38,48.75,49.54,61.84,45.04,63.09,49.9,27.98,26.94,26.39,36.7,.4775,8.664,.2799,2.006,16.87,50.47,14.18,24.45,11.85,17.02,83.15000000000001,74.68000000000001,79.66,89.84,43.04,40.12,42.07,47.95,45.04,42.22,43.65,42.77,53.36,48.17,41.48,53.07,43.84,53.48,40.95,51.35,38.54,31.74,57.32,46.47
40,213100,2000,6200,31500,30900,126500,1.21,.9057,1.144,1.182,.9379,37.35,58.4,38.58,34.37,36.5,46.38,37.52,50.94,36.91,44.93,50.97,47.27,50.88,48.86,49.85,63.22,46.5,64.09,50.49,29.4,27.36,26.88,36.56,.5972,8.017,.306,1.964,17.07,50.97,14.25,23.2,10.98,16.1,83.25,75.40000000000001,79.27,89.98,42.93,44.04,42.88,47.76,45.1,43.06,44.1,43.15,53.3,48.34,42.16,52.56,44.84,53.61,43.2,51.95,38.76,31.89,57.72,46.76
41,213100,1900,6300,30500,30400,128000,1.18,.9204,1.107,1.164,.9491000000000001,37.88,58.81,38.97,34.15,36.59,46.86,37.68,51.21,36.68,45.69,51.07,47.63,51.13,49.14,50.12,63.73,44.59,64.43000000000001,50.94,27.59,26.31,26.57,36.75,.4916,8.398999999999999,.2671,1.835,16.87,51.12,13.47,23.84,11.35,16.5,81.48,74.65000000000001,78.65000000000001,90.11,43.98,39.75,43.13,47.46,45.66,42.86,44.28,43.22,53.59,48.52,41.93,52.97,44.65,53.84,41.16,51.77,38.63,31.72,57.84,46.99
42,213100,1800,6200,29000,29900,130500,1.12,.9057,1.054,1.144,.9675,39.25,58.14,38.9,34.52,36.7,46.79,40.18,54.19,37.29,45.81,51.47,47.88,51.21,49.47,50.32,64.2,44.81,64.84,50.49,28.2,27.02,26.88,36.27,.3312,7.5,.2918,1.877,17.12,51.42,13.22,24.13,11.09,16.71,80.93000000000001,76.12000000000001,79.40000000000001,90.20999999999999,41.25,40.36,43.24,49.29,45.5,43.27,44.38,43.3,53.84,48.68,42.61,53.45,44.45,54.01,41.25,52.47,38.63,32.02,58,47.18
43,213100,1800,6200,28500,28900,132500,1.12,.9057,1.036,1.106,.9824000000000001,37.64,59.02,38.97,35,37.02,47.13,36.54,53.65,37.79,45.43,51.83,48.23,51.7,49.59,50.62,61.43,45.88,65.05,51.43,27.42,27.57,26.69,36.7,.3785,7.728,.2941,1.753,17.73,51.65,12.9,21.43,11.18,15.83,80.56,76.16,79.56,90.29000000000001,43.11,40.52,43.36,47.93,45.56,43.54,44.56,43.5,54.07,48.88,42.54,53.39,45.27,54.34,43.4,52.02,38.76,32.4,58.38,47.09
44,213100,1800,6300,27500,28500,134500,1.088,.9204,.9993,1.087,.9972,38.67,58.81,39.54,35.19,37.4,47.11,37.91,51.95,37.18,45.73,52.15,48.68,52.11,50.03,51.06,65.41,46.34,65.22,51.38,28.71,27.71,27.12,36.88,.409,7.679,.2385,1.763,17.95,51.98,14.72,20.9,11.14,15.53,82.37000000000001,76.44,79.79000000000001,90.83,42.33,41.8,44.22,49.11,46.1,43.93,45.04,43.92,54.42,49.26,42.92,53.89,45.56,54.6,43.39,52.66,38.88,32.18,58.59,47.45
45,213100,1800,6200,26500,28000,136500,1.12,.9057,.9628,1.069,1.011,39.67,58.45,39.52,35.25,37.43,47.38,40.77,53.86,37.72,46.4,52.29,48.9,52.27,50.27,51.25,63.61,49.13,65.77,51.38,28.05,28.23,27.21,36.65,.4069,7.214,.2599,1.763,18.68,52.3,12.75,20.92,9.970000000000001,15.42,82.19,78.3,80.33,90.8,42.56,44.79,43.78,48.63,45.99,43.86,44.95,44.02,54.63,49.47,42.75,53.54,45.59,55.01,43.79,52.95,39.44,32.27,58.67,47.55
46,213100,1800,5900,25500,27000,138000,1.088,.8619,.9266,1.031,1.023,39.26,59.4,40,35.79,37.95,47.77,40.5,54.36,38.11,46.23,52.62,49.31,52.45,50.63,51.53,64.3,48.94,66.59,52.21,29.02,26.38,26.87,37.22,.3912,7.316,.2804,1.733,18.82,52.56,13.59,19.22,10.55,15.44,82.51000000000001,72.26000000000001,79.18000000000001,90.98,42.97,44.43,44.66,49.7,46.14,44.29,45.24,44.33,54.98,49.77,42.93,54.47,46.23,55.16,44.4,53.43,39.68,32.79,58.77,47.84
47,213100,1800,5900,25000,27000,140000,1.088,.8619,.9083,1.031,1.037,40.95,59.47,40.21,35.73,37.97,47.63,40.65,53.9,38.84,47.25,52.65,49.56,52.77,50.83,51.77,67.15000000000001,49.76,66.88,53.52,29.04,28.3,27.46,36.96,.3946,7.51,.2556,1.656,18.85,52.77,11.76,20.47,9.739000000000001,14.58,82.91,77.18000000000001,80.47,90.8,44.31,43.19,43.54,49.27,46.73,44.34,45.54,44.36,55.06,49.82,43.06,54.47,46.04,55.27,44.38,53.02,39.27,32.77,59.11,48.09
48,213100,1700,6100,24000,26000,141500,1.028,.8912,.872,.9925000000000001,1.049,40.86,58.86,40.15,36.27,38.22,48.08,42.43,52.93,38.38,47.2,52.77,49.76,52.7,51.03,51.84,64.73,48.61,66.54000000000001,53.36,28.17,27.3,27.53,36.97,.3118,7.286,.2361,1.664,19.32,52.62,12,20.87,10,14.71,81.43000000000001,75.95,80.59999999999999,91.05,45.58,46,44.02,48.97,46.31,44.65,45.47,44.42,55.28,49.99,43.47,54.61,46.22,55.49,44.99,54.06,39.72,33.38,59,47.96
49,213100,1700,6000,23500,25000,143000,1.028,.8766000000000001,.8538,.9544,1.059,39.8,59.67,40.62,36.32,38.53,48.29,40.27,54.36,38.53,47.09,53.45,50.25,53.39,51.36,52.36,64.25,47.65,67.56,54.07,29.77,25.93,27.21,37.35,.4027,7.49,.231,1.611,19.19,53.38,13.9,20.17,9.978999999999999,14.55,82.33,74.11,79.97,91.68000000000001,44.37,44.31,44.87,50.25,46.95,44.78,45.88,44.65,55.63,50.29,43.61,54.77,46.27,55.87,43.11,53.86,39.88,33.15,59.61,48.29
50,213100,1700,5800,22500,25000,144500,1.028,.8472,.8176,.9544,1.07,40.09,60.47,40.95,36.47,38.76,48.61,41.11,58.63,39.26,48,53.81,50.62,53.74,51.53,52.61,67.77,48.52,67.18000000000001,54.75,29.04,26.6,27.64,37.29,.5449000000000001,7.232,.2375,1.606,19.44,53.36,10.82,19.29,9.710000000000001,14.42,83.33,73.86,80.33,91.51000000000001,45.01,44.9,44.25,50.74,47.35,44.95,46.18,45,55.81,50.53,43.88,54.81,46.22,56.1,44.15,54.97,39.62,33.28,59.84,48.38
51,213100,1600,5900,22000,24500,146100,.9984,.8619,.7993,.9352,1.082,40.12,59.76,41.2,36.86,39.03,48.68,40.21,54.56,39.15,47.11,53.68,50.76,53.77,51.74,52.72,66.3,52.21,68.20999999999999,55.4,28.43,27.68,27.44,37.32,.3291,6.918,.2082,1.62,19.9,53.59,10.17,19.01,9.728999999999999,14.13,82.91,76.76000000000001,80.73,91.15000000000001,42.45,44.63,44.93,49.88,47.14,45.34,46.25,45,56.01,50.65,43.77,55.04,47.2,56.27,43.97,53.79,40.29,33.31,59.77,48.45
52,213100,1600,5800,21500,23500,147600,.9681,.8472,.7813,.8972,1.094,40.22,59.53,41.3,36.96,39.18,48.58,41.21,54.98,39.88,47.97,54.15,51.12,54.22,52.15,53.15,68.81,50.94,68.77,55.22,28.82,28.23,27.93,37.27,.4581,6.546,.2325,1.486,19.64,54,11.94,19.5,9.6,13.28,82.43000000000001,78.36,81.19,90.56999999999999,43.84,43.15,45.22,50.86,47.81,45.55,46.7,45.36,56.34,51.02,44.28,55.18,46.96,56.63,43.77,54.1,39.84,33.43,60.13,48.73
53,213100,1500,5800,21000,23000,149100,.9077,.8472,.7631,.878,1.105,40,59.68,41.31,37.27,39.29,49.32,40.8,55.11,40.06,48.61,54.38,51.44,54.31,52.48,53.38,71.08,51.16,68.66,55.52,28.77,27.43,27.53,37.61,.2894,6.344,.1868,1.421,20.26,54.27,10.37,19.82,9.43,13.47,84.43000000000001,76.13,80.72,92.09999999999999,43.29,43.65,44.88,50.4,47.32,45.7,46.52,45.43,56.69,51.16,44.22,55.33,47.26,57.02,44.1,55.29,40.38,33.93,60.09,48.99
54,213100,1500,5900,19900,22500,150500,.9077,.8619,.7231,.8589,1.116,41.39,59.88,41.89,37.41,39.67,49.15,43.22,55.15,39.68,48.61,54.69,51.84,54.7,52.83,53.74,67.25,53.1,69.72,56.43,29.14,30.22,28.01,37.82,.2653,6.611,.188,1.376,20.92,54.45,11.4,20.31,8.939,13.5,82.97,80.37000000000001,81.48,92.05,47.11,44.47,44.54,51.15,47.75,45.75,46.76,45.82,56.99,51.53,44.56,55.78,46.91,57.27,44.19,54.75,40.63,33.93,60.34,49.22
55,213100,1500,5700,19700,22000,152000,.9077,.8327,.7157,.8399,1.126,42.25,60.02,41.86,37.31,39.59,49.65,42.11,56.88,40.7,49,55.19,52.21,55.13,53.13,54.1,67.74,52.45,70.86,57,28.34,27.78,27.9,37.29,.3689,6.663,.2136,1.361,20.87,54.9,12.25,19.04,8.279,12.92,81.63,75.65000000000001,81.40000000000001,91.83,44.72,42.39,45.27,51.06,47.82,45.88,46.86,46,57.14,51.71,44.51,55.63,47.15,57.46,46.52,55.34,40.4,33.59,60.72,49.44
56,213100,1500,5900,19200,22000,152600,.9379,.8619,.6976,.8399,1.131,41.06,60.15,42.24,38.08,40.15,49.7,42.04,55.43,40.03,49.62,55.37,52.51,55.36,53.47,54.38,69.86,50.44,70.97,57.34,28.67,28.64,28.21,37.97,.4142,6.355,.2066,1.2,21.28,55.16,11.77,18.52,8.6,12.82,81.18000000000001,77.76000000000001,81.63,92.22,44.28,43.27,45.37,51.84,48.06,46.55,47.31,46.14,57.55,52.02,44.54,56.13,48.29,57.84,44.19,56.04,40.8,34.02,60.93,49.59
57,213100,1400,5600,18700,21000,154600,.8775,.8181000000000001,.6794,.8016,1.146,42.7,60.13,42.52,37.93,40.24,49.82,42.2,53.15,40.77,49.59,55.69,52.75,55.47,53.79,54.61,68.8,53.24,70.33,58.06,28.54,29.02,28.18,38.03,.3247,6.884,.2025,1.254,21.73,55.13,10.03,17.17,8.468999999999999,12.43,84.37000000000001,79.04000000000001,82.19,92.56,45.13,43.04,45.52,52.04,48.45,46.13,47.29,46.15,57.82,52.12,43.78,56.42,48.13,58.11,44.31,56.52,40.97,34.25,60.95,49.7
58,213100,1500,5900,18300,20500,155000,.9077,.8619,.6649000000000001,.7826,1.149,42.63,61.3,42.18,38.29,40.25,50.31,42.27,54.38,40.94,49.65,55.81,53.11,55.86,53.97,54.9,70.52,51.54,71.72,58.67,28.93,27.28,28.57,37.75,.3718,5.967,.1573,1.322,20.99,55.36,11.57,19.42,8.43,12.53,83.11,75.65000000000001,82.76000000000001,92.09999999999999,47.99,45.65,46.82,51.83,48.05,46.84,47.45,46.68,58,52.48,45.31,56.64,48.09,58.25,46.73,56.4,40.54,34.01,61.12,49.85
59,213100,1400,5600,17900,19800,156100,.8472,.8181000000000001,.6504,.7559,1.157,41.93,60.25,42.88,38.25,40.57,50.09,41.65,53.07,41.15,49.11,56.05,53.36,56.18,54.22,55.19,71.34,51.65,72.75,59.63,29.38,26.34,28.07,38.38,.2735,5.322,.1624,1.133,21.65,55.61,10.35,18.18,8.210000000000001,12.05,84.79000000000001,74.31,82.31,92.93000000000001,47.29,42.2,46.52,52.36,48.86,46.68,47.77,46.97,58.32,52.75,44.88,56.84,48.04,58.61,46.95,56.1,40.89,34.19,61.25,49.91
60,213100,1400,5700,17300,19800,157000,.8472,.8327,.6286000000000001,.7559,1.164,43.86,60.5,42.95,39.03,41.03,50.29,44.07,57.9,41.18,50.75,56.52,53.75,56.54,54.6,55.54,72.75,55.54,73.13,60.53,30.13,28.09,28.3,38.4,.3474,5.772,.1854,1.174,21.69,56.11,9.130000000000001,18,7.759,11.77,84.51000000000001,78.16,82.51000000000001,92.68000000000001,46.93,46.58,47.26,52.07,48.84,47.43,48.14,47.04,58.59,52.95,45.84,56.82,48.54,58.9,44.93,56.05,40.77,34.6,61.64,50.22
61,213100,1400,5600,17100,19200,158000,.8472,.8181000000000001,.6213,.7329,1.171,44.87,61.12,42.93,39,40.94,50.68,46.31,55.84,41.47,50.35,56.79,54.01,56.79,54.81,55.78,71.62000000000001,53.6,73.34,60.95,28.89,27.98,28.29,38.15,.3748,6.21,.1794,1.115,22.25,56.07,10.03,16.05,7.43,11.31,83.58,76.09,81.93000000000001,92.95,48.67,45.64,47.06,52.52,49.06,47.32,48.18,47.23,58.85,53.18,45.51,57,48.54,59.17,45.02,57.46,40.54,34.69,61.79,50.22
62,213100,1300,5700,16700,18700,159000,.8169,.8327,.6068,.7139,1.179,44.38,61.24,43.61,39.54,41.59,51.16,45.16,53.97,42.04,50.71,57.04,54.36,57.11,55.02,56.04,70.18000000000001,52.93,73.23,60.84,29.5,30.11,28.68,38.22,.2788,5.614,.1799,1.093,22.77,56.37,10.18,16.48,7.88,11.8,83.02,80.88,82.97,92.75,48.82,46.1,46.64,52.71,49.47,47.82,48.64,47.5,59,53.39,46.43,56.88,48.73,59.32,47.13,56.52,41.15,35.11,61.94,50.4
63,213100,1300,5500,16000,18200,160500,.8169,.8035,.5813,.6947,1.19,42.83,61.22,43.36,39.56,41.47,50.93,44.28,55.63,41.63,50,57.25,54.77,57.49,55.6,56.52,71.45,57.64,74.22,62.32,28.85,29.4,28.79,38.2,.1731,5.218,.182,1.082,22.86,56.78,10.53,16.09,7.109,11.15,85.84,77.62000000000001,82.90000000000001,92.56999999999999,43.61,46.54,47.29,53.15,49.09,48.08,48.58,47.93,59.54,53.89,45.65,57.81,49.54,59.79,46.05,57.68,41.3,35.13,62.15,50.68
64,213100,1300,5700,15700,17700,161500,.7867,.8327,.5705,.6757,1.197,43.47,61.71,43.78,39.65,41.72,51.59,42.04,55.47,41.81,50.84,57.76,55.1,57.73,55.84,56.75,70.72,55.06,75.01000000000001,62.04,28.93,28.25,29.13,38.4,.4128,5.498,.1622,1.047,23.18,56.84,8.880000000000001,17.03,7.13,11.18,80.94,76.83,83.43000000000001,92.87000000000001,44.19,43.47,47.79,53.74,49.47,47.77,48.63,47.95,59.79,54.04,46.37,57.9,48.55,60.06,45.46,57.31,41.83,35.27,62.36,50.84
65,213100,1200,5700,15600,17500,162000,.7563,.8327,.5669,.668,1.2,43.42,62.33,43.89,40.25,42.07,51.7,44.6,57.95,41.54,51.06,57.59,55.37,58.09,55.99,57.02,72.01000000000001,53.15,75.52,63.51,28.97,31.2,28.84,38.31,.2547,5.511,.1372,1.001,23.43,57.04,9.119,16.12,6.96,10.92,82.63,82.66,83.12000000000001,92.65000000000001,47.4,47.79,48.63,53.97,49.72,48.35,49.03,48.4,59.76,54.22,46.31,58.11,49.5,59.99,48.22,57.79,41.51,35.5,62.43,51.07
66,213100,1200,5700,15200,17300,162600,.7261,.8327,.5522,.6604,1.205,44.7,61.68,43.97,39.93,41.95,51.81,42.04,57.18,41.79,51.89,57.86,55.57,58.31,56.2,57.22,72.8,56.72,75.25,63.79,30.44,28.14,28.77,38.47,.2893,4.814,.1409,1.04,23.29,57.31,9.148999999999999,16.5,7,11.14,86.81,78.31,82.84,93.19,44.56,47.09,48.09,53.61,49.52,47.95,48.73,48.5,60.06,54.43,46.31,57.59,48.79,60.38,47.29,58.04,41.79,35.56,62.68,51.12
67,213100,1200,5900,15000,16800,163500,.7563,.8619,.545,.6413,1.212,44.95,61.53,44.24,40.3,42.27,52.15,45.28,57.11,42.56,52.77,58.52,56.01,58.7,56.68,57.65,72.88,56.96,76.5,64.93000000000001,31.61,28.46,29.04,38.76,.3075,4.944,.1474,.9858,23.23,57.68,9.210000000000001,15.33,7.12,10.22,87.88,77.47,83.22,93.59,47.67,48.77,48.41,54.47,50.04,48.45,49.25,48.79,60.47,54.79,45.63,58.29,49.75,60.75,46.81,58.35,41.62,35.67,62.96,51.39
68,213100,1200,5700,14800,16800,164000,.7261,.8327,.5377999999999999,.6413,1.216,45.78,62.47,44.6,40.8,42.7,52.18,45.59,56.63,43.11,51.74,58.43,56.2,58.81,56.84,57.79,75.45,56.87,76.86,64.84,31.29,29.77,29.07,38.68,.3156,4.699,.179,.9229000000000001,23.57,57.77,7.99,15.33,6.759,10.39,87.63,79.27,83.40000000000001,93.62000000000001,46.22,48.06,48.82,54.7,50.21,49.13,49.67,48.91,60.62,54.9,47.17,58.13,50.08,60.9,48.08,58.5,41.95,35.78,62.86,51.47
69,213100,1200,5700,14300,16100,165500,.7261,.8327,.5195,.6146,1.226,45.87,62.15,45.05,41.21,43.09,52.4,45.7,56.15,44.19,52.29,58.93,56.63,59.2,57.23,58.2,74.13,56.56,77.5,66.40000000000001,29.79,31.01,29.3,38.62,.1835,4.575,.1411,.9236,24.29,58.04,9.109,17.55,6.48,10.02,86.58,81.33,83.23,93.40000000000001,46.28,46.52,49.73,55.06,50.61,49.56,50.08,49.22,61.04,55.28,47.67,58.55,50.38,61.32,46.59,58.26,42.27,36.06,63.15,51.71
70,213100,1100,5600,13900,16000,166100,.6959,.8181000000000001,.5051,.6107,1.231,46.7,63.22,44.93,41.21,43.09,53.1,45.7,57.09,43.36,52.54,59.13,56.96,59.5,57.47,58.46,73.52,59.82,77.56,66.56,28.64,30.92,29.45,38.79,.3928,5.073,.1321,.9074,24.25,58.08,7.23,16.46,6.48,9.94,82.83,81.65000000000001,84.68000000000001,93.49,48.15,50.04,49.65,55.16,50.93,49.49,50.21,49.5,61.22,55.5,47.29,58.9,50.36,61.46,49.77,58.88,41.74,36.2,63.33,51.84
71,213100,1100,5600,13600,15900,167000,.6959,.8181000000000001,.4941,.6069,1.238,47.45,63.35,45.13,41.4,43.27,52.79,47.27,61.61,43.56,52.52,59.61,57.38,60,57.93,58.95,75.01000000000001,55.93,78.76000000000001,67.54000000000001,31.15,29.14,29.51,38.94,.2911,4.631,.1303,.915,23.36,58.56,7.7,14.77,6.49,9.579000000000001,88.08,78.7,84.37000000000001,94.26000000000001,51.89,48.7,50.09,55.25,50.95,49.81,50.38,49.85,61.58,55.86,47.29,59,50.75,61.84,50.13,59.38,41.59,35.87,63.68,52.15
72,213100,1100,5800,13300,15600,167500,.6657,.8472,.4832,.5956,1.241,46.9,62.64,45.59,41.61,43.61,53.29,48.61,57.25,44.15,53.3,60.03,57.7,60.34,58.2,59.25,74.59,61.43,78.76000000000001,67.84,31.12,30.92,29.67,38.73,.3654,4.269,.1583,.8568,24.67,58.85,8.718999999999999,13.68,6.4,9.720000000000001,88.3,80,83.88,93.66,48.06,48.64,50.2,55.43,50.91,49.63,50.27,50.21,61.86,56.19,46.46,59.02,50.72,62.14,47.14,59.31,43.29,36.61,63.87,52.31
73,213100,1000,5700,13200,15200,168100,.6353,.8327,.4796,.5803,1.245,46.93,63.32,46.02,41.77,43.92,53.93,48.23,62.47,44.6,53.9,60.29,57.96,60.58,58.38,59.45,75.58,59.67,79.66,68.75,30.9,31.29,29.78,39.09,.244,4.495,.1349,.8355,24.64,58.72,7.139,13.65,6.169,9.489000000000001,87.36,85.99,84.55,93.77,46.5,45.34,50.32,56.78,51.3,49.95,50.63,50.44,62.07,56.43,47.04,59.54,50.9,62.32,49.5,59,42.72,36.34,63.89,52.27
74,213100,1000,5600,13000,14900,168500,.6051,.8181000000000001,.4724,.5687,1.248,48.09,63.36,46.23,42.36,44.29,53.74,47.82,55.6,44.31,53.75,60.59,58.38,61.2,58.65,59.9,72.65000000000001,61.33,80.19,69.08,30.71,31.88,29.8,39.27,.2124,4.444,.1254,.8032,24.79,59.31,9.77,12.22,5.96,9.34,86.58,81.37000000000001,85.02,93.86,47.15,49.09,50.98,56.43,51.98,50.45,51.22,50.77,62.22,56.61,48.82,60.04,50.94,62.4,50.89,59.36,42.27,36.5,64.36,52.57
75,213100,1100,5900,12800,14600,169000,.6657,.8619,.465,.5573,1.253,46.32,64,46.52,42.43,44.47,54.29,45.93,60.47,43.79,52.84,60.9,58.72,61.45,59.02,60.2,75.83,60.34,80.38,70.48,31.25,29.29,29.64,39.22,.2343,4.06,.1001,.8152,25.2,59.41,8.439,15.05,6.029,8.74,87.26000000000001,80.06,84.15000000000001,94.09999999999999,49.91,46.27,51.68,56.81,51.97,50.62,51.3,50.93,62.64,56.93,47.82,59.86,51.39,62.89,47.86,59.79,42.92,36.7,64.51000000000001,52.65
76,213100,1000,6000,12500,14000,169600,.6051,.8766000000000001,.4541,.5345,1.256,46.72,63.74,46.87,42.97,44.93,54.22,46.06,58.38,45.07,53.93,61.03,58.99,61.59,59.35,60.44,76.97,60.67,81.37000000000001,70.97,31.54,31.07,29.88,38.86,,3.989,.1184,.7732,26.69,59.38,6.799,15.31,5.97,8.960000000000001,85.86,83.33,85,93.90000000000001,51.12,50.09,51.56,56.87,51.93,50.94,51.44,51.27,62.84,57.2,47.5,59.9,51.84,63.07,48.27,59.5,43.65,37.27,64.52,52.8
77,213100,1000,5900,12300,13900,170500,.6051,.8619,.4468,.5307,1.264,50.32,65.04000000000001,47.06,42.8,44.92,54.93,48.5,61.94,44.96,54.93,61.63,59.47,62.17,59.65,60.88,76.37000000000001,60.36,81.69,71.29000000000001,30.48,28.93,29.78,39.27,,4.117,.114,.7342,25.96,59.79,7.05,13.39,5.98,8.59,87.76000000000001,79.75,84.51000000000001,94.29000000000001,47.45,47.14,52.89,57.17,52.34,50.59,51.45,51.5,63.14,57.46,46.37,60.13,51.59,63.38,49.76,60.9,43.36,37,64.99,53.02
78,213100,900,5900,12200,13700,171100,.5748,.8619,.4433,.523,1.268,47.88,64.43000000000001,47.2,43.11,45.15,55.01,47.47,62.35,44.78,54.09,62.02,59.79,62.43,60.04,61.2,76.13,62.41,81.91,72.18000000000001,31.01,30.15,29.88,39.03,,4.301,.1263,.7835,25.78,59.86,7.38,13.14,5.55,8.549,87.06,81.55,84.58,94.08,50,45.56,52.12,57.58,52.63,51.11,51.86,51.88,63.48,57.81,47.36,60.38,51.98,63.71,46.1,60.35,42.79,37.31,65,53.27
79,213100,1000,6100,11800,13600,171100,.6051,.8912,.4288,.5191,1.268,48.58,64.40000000000001,47.72,43.68,45.69,55.28,50,61.63,45.55,54.18,62.37,60.13,62.79,60.36,61.56,78.93000000000001,66.62000000000001,82.33,72.98,30.98,32.19,29.89,39.44,,4.051,.0921,.692,25.92,60.06,6.86,10.56,5.389,8.220000000000001,86.56,82.88,84.38,94.73,49.38,47.95,52.15,58.26,53.18,51.65,52.42,52.31,63.81,58.2,47.29,61.47,52.63,63.97,50.94,60.82,43.27,37.5,65.11,53.48
80,213100,900,6100,11400,13200,172500,.5446,.8912,.4141,.5038,1.279,49.2,64.88,47.76,44.34,46.05,55.84,47.04,61.59,46.9,55.1,62.27,60.47,63.06,60.58,61.79,77.73,64.11,83.3,73.14,31.85,31,30.26,39.47,.2829,4.228,.0887,.6487000000000001,26.64,60.2,7.88,12.95,5.309,8.32,87.54000000000001,82.84,85.02,94.34,49.72,47.55,53.81,57.86,52.98,52.34,52.66,52.56,64.02,58.4,49.35,60.47,52.92,64.27,48.55,60.61,43.47,38.15,65.25,53.45
81,213100,800,6500,11600,13000,172000,.5144,.9495,.4215,.4962,1.274,51.35,65.27,48.22,44.65,46.43,56.28,53.11,59.26,46.67,55.54,62.86,60.9,63.48,60.99,62.2,81.12000000000001,66.09,84.27,74.65000000000001,32.61,32.65,30.5,39.27,,3.58,.115,.6898,27.21,60.4,7.97,12.84,5.45,8,89.36,86.41,85.41,94.31,53.16,45.72,54.22,58.9,53.7,52.62,53.16,52.9,64.36,58.77,50.32,61.47,53.02,64.54000000000001,52.27,62.14,43.56,37.84,65.41,53.74
82,213100,800,6400,11200,12800,173100,.484,.9350000000000001,.4069,.4887,1.282,49.35,65.36,48.7,43.92,46.28,56.47,51.65,61.63,46.81,55.72,63.43,61.32,64.13,61.3,62.68,81.66,65.12000000000001,84.91,75.23,32.47,32.13,30.62,39.31,.2707,3.519,.0937,.6695,26.78,60.62,5.089,10.18,4.919,7.529,87.56,82.93000000000001,85.90000000000001,94.47,52.83,51.18,55,59,54.15,51.74,52.92,53.43,64.63,59.15,47.96,61.47,52.4,64.84,51.97,63.09,43.75,38.04,65.84,53.84
83,213100,800,6600,10800,12500,173100,.5144,.9642,.3923,.4772,1.282,50.56,65.54000000000001,49.22,44.93,47.08,56.81,48.52,61.63,46.93,57.67,63.36,61.61,64.25,61.56,62.86,79.06999999999999,65.97,84.72,75.8,31.74,30.13,30.66,39.5,.3179,3.682,.0832,.5922,27.61,60.54,6.549,12.27,5.19,7.59,87.87000000000001,81.94,85.68000000000001,94.64,51.22,49.68,55.27,58.63,54.36,53.11,53.74,53.75,64.90000000000001,59.45,49.35,62.35,53.66,65.05,48.88,62.77,44.37,37.79,65.69,53.89
84,213100,700,6700,10600,12200,173500,.4538,.9787,.3851,.4658,1.286,52.38,65.48,49.27,45.75,47.49,57.14,54.13,63.07,46.7,56.56,63.86,62.09,64.79000000000001,61.97,63.36,79.8,67.23,85.51000000000001,76.62000000000001,30.15,32.34,30.71,39.67,.2408,3.016,.0941,.5773,26.72,61.04,7.26,9.839,4.769,7.759,84.5,84.69,86.2,94.95,50.56,51,55.24,59.04,54.47,53.75,54.11,53.98,65.2,59.7,48.56,61.46,54.48,65.44,52.06,62.95,44.01,38.38,66.17,54.4
85,213100,800,6900,10500,12000,174600,.484,1.008,.3815,.4581,1.294,49.36,66.84,50,46.22,48.09,57.61,46.84,61.91,48.41,57.28,64.12000000000001,62.51,65.12000000000001,62.36,63.71,79.40000000000001,66.75,86.09,77.62000000000001,32.16,33.92,30.7,39.36,,3.421,.079,.5123,28.12,61.05,6.65,9.59,4.949,7.519,86.61,83.27,85.79000000000001,94.40000000000001,52.98,52.93,55.57,59.29,55.51,53.88,54.69,54.29,65.58,60.08,49.36,62.63,54.51,65.76000000000001,52.57,61.91,43.77,38.97,66.38,54.42
86,213100,800,7100,10400,11800,174000,.5144,1.037,.3779,.4505,1.29,50.36,66.09,50.54,46.31,48.43,57.54,50.98,62.27,47.95,56.58,64.52,62.86,65.63,62.71,64.13,82.43000000000001,71.62000000000001,86.3,78.18000000000001,31.94,32.13,30.9,40.06,,3,.0913,.5447,28.05,61.29,5.579,10.06,4.8,7.22,87.79000000000001,86.18000000000001,86.11,95.18000000000001,54.92,53.7,56.14,60.23,55.56,54.2,54.88,54.97,65.84,60.53,49.38,62.17,54.81,66.05,49.93,62.32,45.27,38.9,66.54000000000001,54.63
87,213100,700,7300,10100,11500,174600,.4236,1.065,.367,.4389,1.294,51.18,66.56,51.68,46.06,48.79,57.99,52.09,60.56,48.97,58.05,64.95,63.33,65.81999999999999,63.27,64.51000000000001,82.31,70.54000000000001,87.18000000000001,79.39,31.88,31.43,30.72,40.11,,3.383,.0745,.5405,28.48,61.48,5.49,8.310000000000001,4.48,6.94,86.76000000000001,86.12000000000001,85.52,94.73,54.93,52.56,56.87,60.94,56.72,53.89,55.27,55.24,66.41,60.94,48.67,62.46,54.52,66.62000000000001,49.34,63.95,45.22,38.7,66.54000000000001,54.86
88,213100,700,7600,9700,11200,174600,.4236,1.11,.3525,.4275,1.294,51.47,67.93000000000001,51.52,47.25,49.35,58.86,51.79,65.04000000000001,50.03,58.36,65.45,63.84,66.34999999999999,63.61,64.95,83.55,70.8,87.5,80.66,32.5,32.84,31.01,40.13,,3.539,.0743,.4818,29.38,61.68,5.46,9.130000000000001,4.44,6.869,88.05,86.97,85.91,95.08,56.45,53.18,57.38,61.56,56.4,54.72,55.56,55.6,66.66,61.25,52.09,62.35,55.01,66.88,57.05,63.5,45.16,39.85,66.72,55.06
89,213100,600,7700,9600,10600,176000,.363,1.125,.3488,.4046,1.305,50.83,67.87000000000001,52.21,47.59,49.85,59.38,47.36,63.73,49.38,58.86,65.81,64.36,66.97,64.04000000000001,65.47,84.09,68.2,88.15000000000001,81.38,32.02,32.45,31.16,40.11,,3.273,.0639,.4501,29.18,61.69,5.329,9.029,4.349,6.829,87.76000000000001,84.3,86.44,95.18000000000001,55.4,50.35,57.88,62.55,57.02,55.25,56.13,56.32,67.08,61.82,51.44,63.04,55.63,67.29000000000001,46.25,63.68,45.28,39.18,67.05,55.11
90,213100,600,7900,9200,10500,175500,.363,1.154,.3343,.4009,1.3,51.63,68.5,53.2,48.43,50.81,59.45,53.52,65.44,50.26,59.47,66.51000000000001,64.86,67.38,64.48,65.90000000000001,84.18000000000001,70.75,89.05,82.22,32.63,32.45,31.2,40.21,,3.324,.0635,.4611,30.34,61.92,5.03,9.569000000000001,4.219,6.49,89,85.51000000000001,85.90000000000001,95,56.45,50.71,58.61,61.89,57.87,55.86,56.87,56.52,67.5,62.12,52.04,63.61,56.18,67.69,53.25,65.95,45.61,40.47,67.3,55.36
91,213100,600,8100,9000,9900,176600,.363,1.182,.3269,.3779,1.309,52.15,69.44,53.77,48.45,51.04,60.34,55.06,64.13,51.11,61.58,66.90000000000001,65.45,67.90000000000001,65.02,66.44,85.27,73.77,89.39,82.87000000000001,33.42,34.22,31.35,40.29,,2.578,.0871,.4633,30.03,62.25,4.049,9.739000000000001,4.07,6.28,88.44,87.81,86.64,95.41,56,53.31,58.86,62.89,58.58,55.56,57.04,57.04,67.95,62.56,50.98,63.58,55.93,68.15000000000001,52.22,63.95,46,40.21,67.51000000000001,55.68
92,213100,500,8200,8300,9600,177500,.3328,1.197,.3015,.3664,1.315,53.45,69.06999999999999,53.79,50.21,51.97,60.7,50.59,65.95,51.24,61.51,67.29000000000001,65.95,68.38,65.45,66.88,84.18000000000001,75.68000000000001,90.20999999999999,83.45,32.89,34.46,31.13,40.56,.2793,2.593,.068,.4251,30.64,62.32,5.66,8.65,3.869,6.159,87.81999999999999,84,86.3,95.26000000000001,58.9,57.31,59.9,63.07,58.43,57.08,57.75,57.63,68.33,63.09,51,63.87,57.61,68.54000000000001,55.15,64.09,46.37,41.56,67.74,55.84
93,213100,500,8300,7900,9400,178100,.3328,1.212,.287,.3589,1.319,56.84,70.04000000000001,55.06,50.41,52.71,61.02,57.02,65.51000000000001,52.33,60.44,68.02,66.66,69.15000000000001,66.02,67.54000000000001,87.02,73.95999999999999,90.06,84.55,33.9,32.86,31.44,40.56,,2.273,.0652,.3973,30.72,62.74,3.95,8.439,4.189,6.32,88.84,86.77,86.75,94.86,62.17,52.98,59.99,64.09,59.94,58.09,59,58.36,68.77,63.68,53.34,63.66,58.45,69.02,60.04,65.7,46.14,41,68.13,56.23
94,213100,500,8600,7100,8800,178500,.3328,1.255,.258,.3359,1.322,55.37,70.81,56.59,50.65,53.66,62.47,59.4,67.39,54.34,61.69,68.44,67.31,69.62000000000001,66.56,68.06,86.66,78.41,90.8,85.81,33.4,34.87,31.57,40.89,,2.496,.0388,.3648,32.59,62.77,4.15,7.909,4.019,6.289,88.44,89.59,86.3,95.37000000000001,60.68,57.95,60.13,64.56,60.97,57.68,59.35,58.64,69.26000000000001,64.05,53.21,64.61,58.04,69.47,56.77,66.2,47.52,42.01,68.31,56.51
95,213100,400,8900,6300,8400,180100,.2723,1.3,.2289,.3206,1.334,54.33,70.75,57.72,52.4,55.1,62.48,54.11,66.94,55.66,63.05,69.31,68,70.33,67.17,68.7,89.45,82.24,91.54000000000001,86.25,33.11,37.4,31.52,40.92,,1.959,.0384,.3435,33.09,63.05,3.539,7.4,3.829,5.69,92.31,94.2,86.02,95.34,59.88,58.81,61.5,64.66,61.5,59.41,60.47,59.35,69.74,64.66,59.64,66.03,59.4,69.92,68.72,67.18000000000001,48.11,42.4,68.61,56.75
96,213100,400,8700,5400,7900,181000,.2421,1.271,.1961,.3015,1.342,58.38,71.77,58.08,54.27,56.1,63.68,60.4,69.47,55.52,63.1,70.05,68.87000000000001,71.01000000000001,67.93000000000001,69.44,86.91,82.43000000000001,91.90000000000001,87.48,32.74,34.78,31.96,41.4,,2.259,.0491,.3261,34.7,63.27,3.889,6.899,3.63,5.94,89.66,87.18000000000001,86.34999999999999,95.37000000000001,58.64,59.99,62.09,64.48,61.69,60.67,61.17,59.93,70.47,65.29000000000001,56.66,66.29000000000001,60.97,70.69,52.54,65.81,48.59,43.97,68.95,56.97
97,213100,300,8800,4300,7300,183100,.2118,1.286,.1563,.2786,1.356,56.28,72.28,60.06,54.7,57.45,63.74,60.23,67.26000000000001,57.11,62.99,70.65000000000001,69.59,71.63,68.59,70.08,88.5,80.22,92.2,88.44,33.65,36.27,31.97,41.45,,1.812,.0488,.2762,35.93,63.45,4.23,7.669,3.589,5.649,88.23,,86.81999999999999,95.52,60.97,59.14,62.2,66.23,63.27,60.85,62.09,60.38,70.98,65.77,52.06,66.23,61.58,71.23,53.02,68.66,49.04,44.25,69.23,57.29
98,213100,300,8900,3400,7000,184000,.1815,1.3,.1234,.2672,1.363,60.38,72.77,60.88,56.04,58.32,64.13,62.77,68.97,59.49,63.22,71.29000000000001,70.33,72.25,69.36,70.79000000000001,87.84,81.63,93.09999999999999,89.02,36.23,39.25,32.18,41.89,,1.633,.0472,.2435,37.45,63.63,3.519,7.539,3.7,5.849,,,86.63,96.04000000000001,60.5,59.31,62.69,67.06,62.89,61.99,62.41,60.82,71.59999999999999,66.3,55.28,66.20999999999999,62.59,71.88,56.4,67.92,50.89,45.07,69.51000000000001,57.59
99,213100,300,8800,2400,6400,185500,.1815,1.286,.0872,.2442,1.375,61.68,74.19,61.68,56.34,58.79,66.3,58.31,68.84,62.07,66.44,72.38,71.59,73.26000000000001,70.62000000000001,71.93000000000001,84.02,86.56,93.37000000000001,89.98,33.69,34.75,31.28,42.25,,2.049,.0398,.2267,38.94,64.22,4.58,5.88,3.7,5.83,,,85.05,95.40000000000001,59.09,58.67,63.46,66.95,62.68,61.81,62.2,61.59,72.77,67.29000000000001,50.91,67.66,62.87,73.02,63.69,69.38,51.06,44.43,70.09999999999999,58.14
100,213100,200,8600,1800,5600,186600,.1512,1.255,.0654,.2137,1.383,62.92,77.56,63.66,59.59,61.51,67.70999999999999,67.87000000000001,70.44,61.94,66.15000000000001,74.62000000000001,73.76000000000001,75.13,72.8,73.95,,80.76000000000001,93.37000000000001,90.54000000000001,30.4,35.75,30.14,42.7,,2.239,.0368,.2101,43.15,64.47,,11.35,3.929,6.079,,,82.02,95.2,63.86,59.02,63.5,69.18000000000001,62.27,64.58,63.5,63.86,74.73,69.38,48.91,69.54000000000001,66.2,75,61.78,71.29000000000001,55.81,47.72,70.61,58.97
